Address,Municipality,Sale price,merged
 Cook Farm Rd,LaFayette,10000," Cook Farm Rd, LaFayette, New York"
2101 Harkins Ln,Lysander,85000,"2101 Harkins Ln, Lysander, New York"
5867 Howell Rd,Summerhill,16140,"5867 Howell Rd, Summerhill, New York"
4 Fobes Is,Baldwinsville,703200,"4 Fobes Is, Baldwinsville, New York"
2859 Cold Springs Rd,Baldwinsville,228300,"2859 Cold Springs Rd, Baldwinsville, New York"
303 Smith Ave,Onondaga,15000,"303 Smith Ave, Onondaga, New York"
 Lanning Rd,Spafford,0," Lanning Rd, Spafford, New York"
815 Lancaster Ave,Syracuse,0,"815 Lancaster Ave, Syracuse, New York"
105 Concord Pl,Syracuse,0,"105 Concord Pl, Syracuse, New York"
746 Euclid Ave,Syracuse,0,"746 Euclid Ave, Syracuse, New York"
 Yacht Club Dr,Cicero,0," Yacht Club Dr, Cicero, New York"
843 O'Connor Rd,Scriba,0,"843 O'Connor Rd, Scriba, New York"
3700 Chapman Rd,Georgetown,60000,"3700 Chapman Rd, Georgetown, New York"
 Wright Rd,Onondaga,24000," Wright Rd, Onondaga, New York"
11954 State Route 38,Victory,20000,"11954 State Route 38, Victory, New York"
7 Tallcot Ln,Skaneateles (village),2967043,"7 Tallcot Ln, Skaneateles (village), New York"
1700 Chapin Road,Georgetown,34000,"1700 Chapin Road, Georgetown, New York"
79 Castor Rd,Albion,56900,"79 Castor Rd, Albion, New York"
 State Route 90,Ledyard,1," State Route 90, Ledyard, New York"
 Morgan Rd,Clay,1," Morgan Rd, Clay, New York"
 Steinway Dr,DeWitt,265000," Steinway Dr, DeWitt, New York"
 Old Nys Route 31,Elbridge (town),130000," Old Nys Route 31, Elbridge (town), New York"
310-12 Delaware St,Syracuse,285,"310-12 Delaware St, Syracuse, New York"
101 Wood Ave,Syracuse,66,"101 Wood Ave, Syracuse, New York"
317-19 Delaware St,Syracuse,58,"317-19 Delaware St, Syracuse, New York"
250 Leon St,Syracuse,48,"250 Leon St, Syracuse, New York"
214 Holland St Rear,Syracuse,43,"214 Holland St Rear, Syracuse, New York"
310-12 Delaware St,Syracuse,1,"310-12 Delaware St, Syracuse, New York"
1109.5 Mcbride St N,Syracuse,1,"1109.5 Mcbride St N, Syracuse, New York"
 Co Rt 17,Constantia,0," Co Rt 17, Constantia, New York"
 Harris Hill Rd,Hannibal (town),0," Harris Hill Rd, Hannibal (town), New York"
1836 Co Rt 12,Hastings,12000,"1836 Co Rt 12, Hastings, New York"
 Co Rt 45,Palermo,46000," Co Rt 45, Palermo, New York"
0 Falls Boulevard,Sullivan,0,"0 Falls Boulevard, Sullivan, New York"
205 Fifth St,Fulton,1000,"205 Fifth St, Fulton, New York"
538 Fire Lane 14,Springport,20000,"538 Fire Lane 14, Springport, New York"
1159 Lake Como Rd,Summerhill,1,"1159 Lake Como Rd, Summerhill, New York"
 Paradise Rd,Palermo,30000," Paradise Rd, Palermo, New York"
 Woodland Dr,West Monroe,1," Woodland Dr, West Monroe, New York"
228 Co Rt 26,West Monroe,0,"228 Co Rt 26, West Monroe, New York"
10185 Jordan Rd,Cato (town),1,"10185 Jordan Rd, Cato (town), New York"
3849 Hallston Dr,Clay,50000,"3849 Hallston Dr, Clay, New York"
102 Second St,Fulton,3800,"102 Second St, Fulton, New York"
 West Bay Rd,Sterling,40000," West Bay Rd, Sterling, New York"
7023 River Road,Aurelius,50200,"7023 River Road, Aurelius, New York"
1373 Berry Rd,Fabius (town),86000,"1373 Berry Rd, Fabius (town), New York"
 Kasson Road,Onondaga,25000," Kasson Road, Onondaga, New York"
 Shag Bark Ln,Schroeppel,18500," Shag Bark Ln, Schroeppel, New York"
3208 Carmellas Cir,Lysander,80000,"3208 Carmellas Cir, Lysander, New York"
3208 Carmellas Cir,Lysander,71000,"3208 Carmellas Cir, Lysander, New York"
 Jordan Rd,Cato (town),3659," Jordan Rd, Cato (town), New York"
 Beech Rd,Sennett,48000," Beech Rd, Sennett, New York"
2199 York Road (Part Of),Brookfield,0,"2199 York Road (Part Of), Brookfield, New York"
 Patterson Rd,Otisco,0," Patterson Rd, Otisco, New York"
6982 Clematis Circle,Pompey,1,"6982 Clematis Circle, Pompey, New York"
67 Jacobson Dr,Parish (town),55000,"67 Jacobson Dr, Parish (town), New York"
3351 Cannon Crest Dr,Cazenovia (town),1,"3351 Cannon Crest Dr, Cazenovia (town), New York"
 Lake Forest,Minoa,509040," Lake Forest, Minoa, New York"
4253 Oran Delphi Rd,Pompey,440000,"4253 Oran Delphi Rd, Pompey, New York"
 Co Rt 58,Mexico (town),170000," Co Rt 58, Mexico (town), New York"
5472 Us Rt 11,Sandy Creek (town),173250,"5472 Us Rt 11, Sandy Creek (town), New York"
 Spencer St,Canastota,0," Spencer St, Canastota, New York"
 West Lake Road,Cazenovia (town),55000," West Lake Road, Cazenovia (town), New York"
4474 Weller Hall Pl,Clay,474300,"4474 Weller Hall Pl, Clay, New York"
3352 Hickory Knoll Ln,Lysander,537000,"3352 Hickory Knoll Ln, Lysander, New York"
Off Base Bridge Rd,Williamstown,32900,"Off Base Bridge Rd, Williamstown, New York"
 Nichols Rd,Onondaga,1," Nichols Rd, Onondaga, New York"
 Nichols Rd,Onondaga,1," Nichols Rd, Onondaga, New York"
 Otisco Valley Road,Spafford,5580," Otisco Valley Road, Spafford, New York"
150 Rathburn Rd,Granby,1,"150 Rathburn Rd, Granby, New York"
142 Dunning Ave,Auburn,16000,"142 Dunning Ave, Auburn, New York"
1761 Center Rd,Scipio,133000,"1761 Center Rd, Scipio, New York"
3762 Kennedy Rd,Scipio,84000,"3762 Kennedy Rd, Scipio, New York"
2910 Slate Hill Rd,Marcellus (town),84000,"2910 Slate Hill Rd, Marcellus (town), New York"
13 Clairborn Ct,Minoa,24000,"13 Clairborn Ct, Minoa, New York"
 Wells Ave,North Syracuse,2562," Wells Ave, North Syracuse, New York"
136 W Stone Rd,New Haven,1,"136 W Stone Rd, New Haven, New York"
 North Rd,Owasco,1," North Rd, Owasco, New York"
 North Rd,Owasco,1," North Rd, Owasco, New York"
 Tully Farms Rd,LaFayette,150000," Tully Farms Rd, LaFayette, New York"
5854 Powder Horn Ln,Onondaga,569000,"5854 Powder Horn Ln, Onondaga, New York"
10182 Jordan Rd,Cato (town),25000,"10182 Jordan Rd, Cato (town), New York"
4368 State Route 90,Springport,66000,"4368 State Route 90, Springport, New York"
3879 Bonstead Rd,Clay,50000,"3879 Bonstead Rd, Clay, New York"
7764 Longbow Way,Lysander,130000,"7764 Longbow Way, Lysander, New York"
 Co Rt 3,Hannibal (town),10000," Co Rt 3, Hannibal (town), New York"
7714 Fuller Rd,Montezuma,1,"7714 Fuller Rd, Montezuma, New York"
7714 Fuller Rd,Montezuma,1,"7714 Fuller Rd, Montezuma, New York"
3685 Welch Rd,Venice,1,"3685 Welch Rd, Venice, New York"
0 Eaton Road (Vacant),Eaton,0,"0 Eaton Road (Vacant), Eaton, New York"
 Whiting Rd,Van Buren,993," Whiting Rd, Van Buren, New York"
92 Phillips Rd,Granby,35000,"92 Phillips Rd, Granby, New York"
17 S Jefferson St,Mexico (village),500,"17 S Jefferson St, Mexico (village), New York"
 West Lake Rd,Fleming,180000," West Lake Rd, Fleming, New York"
113 Emick Road,Cazenovia (village),55000,"113 Emick Road, Cazenovia (village), New York"
 Main Street Rd,Lenox,0," Main Street Rd, Lenox, New York"
 Camp Rd,Madison (town),0," Camp Rd, Madison (town), New York"
 Jane Ln,Cicero,8221," Jane Ln, Cicero, New York"
6066 Owlwood Dr Rear,Cicero,3961,"6066 Owlwood Dr Rear, Cicero, New York"
6068 Owlwood Dr Rear,Cicero,3307,"6068 Owlwood Dr Rear, Cicero, New York"
 Brewerton Rd,Cicero,1989," Brewerton Rd, Cicero, New York"
 Tuttle Rd,Cicero,1259," Tuttle Rd, Cicero, New York"
3864 Hallston Dr,Clay,45000,"3864 Hallston Dr, Clay, New York"
 State Route 31 Rr,Elbridge (town),4642," State Route 31 Rr, Elbridge (town), New York"
 Richmond Rd,Manlius (town),5744," Richmond Rd, Manlius (town), New York"
 Kirkville Rd,Manlius (town),2700," Kirkville Rd, Manlius (town), New York"
 Minoa Rd,Manlius (town),2600," Minoa Rd, Manlius (town), New York"
 Kirkville Rd,Manlius (town),2145," Kirkville Rd, Manlius (town), New York"
 Minoa Rd,Manlius (town),1666," Minoa Rd, Manlius (town), New York"
 Richmond Rd,Manlius (town),1497," Richmond Rd, Manlius (town), New York"
12 Clairborn Ct,Minoa,65000,"12 Clairborn Ct, Minoa, New York"
 Tenderfoot Trail Off,Onondaga,10396," Tenderfoot Trail Off, Onondaga, New York"
 Rockwell Rd,Onondaga,6378," Rockwell Rd, Onondaga, New York"
 Salina St,Onondaga,3620," Salina St, Onondaga, New York"
 Beef St,Onondaga,1341," Beef St, Onondaga, New York"
3847 Rockefeller Rd,Niles,1400000,"3847 Rockefeller Rd, Niles, New York"
6402 Town Hall Rd,Owasco,1,"6402 Town Hall Rd, Owasco, New York"
6402 Town Hall Rd,Owasco,1,"6402 Town Hall Rd, Owasco, New York"
9649 Kenzie Grace Path,Clay,73000,"9649 Kenzie Grace Path, Clay, New York"
1396 Route 80,Otisco,0,"1396 Route 80, Otisco, New York"
68 Hardwicke Dr,Solvay,1,"68 Hardwicke Dr, Solvay, New York"
417 Dewport Rd,Van Buren,102500,"417 Dewport Rd, Van Buren, New York"
 Co Rt 13,Boylston,50400," Co Rt 13, Boylston, New York"
 Camic Rd,West Monroe,0," Camic Rd, West Monroe, New York"
317 Tuttle Ave,Canastota,25900,"317 Tuttle Ave, Canastota, New York"
453 New Boston,Canastota,1,"453 New Boston, Canastota, New York"
16307 Irwin Rd,Sterling,1,"16307 Irwin Rd, Sterling, New York"
 Cannonball Way,Manlius (town),1," Cannonball Way, Manlius (town), New York"
4925 Cook Rd,Otisco,0,"4925 Cook Rd, Otisco, New York"
 Oran Eagle Village Rd,Pompey,15000," Oran Eagle Village Rd, Pompey, New York"
143 A Liberty St,Oswego (city),950,"143 A Liberty St, Oswego (city), New York"
161 Liberty St,Oswego (city),930,"161 Liberty St, Oswego (city), New York"
Off Co Rt 47,Redfield,5027,"Off Co Rt 47, Redfield, New York"
 Rainbow Shores Rd,Sandy Creek (town),1690," Rainbow Shores Rd, Sandy Creek (town), New York"
 River Rd,Aurelius,60000," River Rd, Aurelius, New York"
5684 Stockbridge Falls Road,Stockbridge,50000,"5684 Stockbridge Falls Road, Stockbridge, New York"
316 Manlius St,East Syracuse,1,"316 Manlius St, East Syracuse, New York"
3452R Van Wie East,Lysander,0,"3452R Van Wie East, Lysander, New York"
4580 Kingsley Rd,Otisco,175000,"4580 Kingsley Rd, Otisco, New York"
 Tuttle Ave,Canastota,15000," Tuttle Ave, Canastota, New York"
4365 State Route 31,Clay,1,"4365 State Route 31, Clay, New York"
7780 Longbow Way,Lysander,130000,"7780 Longbow Way, Lysander, New York"
147 Giddings Trail,Lysander,54000,"147 Giddings Trail, Lysander, New York"
208 Oakridge Terr,Salina,270900,"208 Oakridge Terr, Salina, New York"
125 Nelson St,Syracuse,90,"125 Nelson St, Syracuse, New York"
1608-10 State St S,Syracuse,84,"1608-10 State St S, Syracuse, New York"
2510 Erieville Road,Nelson,43500,"2510 Erieville Road, Nelson, New York"
 Brewerton Rd,Cicero,110," Brewerton Rd, Cicero, New York"
 Tuttle Rd,Cicero,100," Tuttle Rd, Cicero, New York"
6066 Owlwood Dr Rear,Cicero,25,"6066 Owlwood Dr Rear, Cicero, New York"
6068 Owlwood Dr Rear,Cicero,25,"6068 Owlwood Dr Rear, Cicero, New York"
 Jane Ln,Cicero,20," Jane Ln, Cicero, New York"
 Cross Rd,DeWitt,4577," Cross Rd, DeWitt, New York"
 Maconi Ave,DeWitt,4249," Maconi Ave, DeWitt, New York"
 Maconi Ave,DeWitt,3500," Maconi Ave, DeWitt, New York"
 Frederick St,DeWitt,3471," Frederick St, DeWitt, New York"
 James St,DeWitt,2900," James St, DeWitt, New York"
 Maconi Ave,DeWitt,2400," Maconi Ave, DeWitt, New York"
 James St,DeWitt,1932," James St, DeWitt, New York"
 Maconi Ave,DeWitt,1675," Maconi Ave, DeWitt, New York"
 Tucker Ave,DeWitt,1675," Tucker Ave, DeWitt, New York"
 Maconi Ave,DeWitt,1355," Maconi Ave, DeWitt, New York"
 Maconi Ave,DeWitt,1054," Maconi Ave, DeWitt, New York"
 Frederick St,DeWitt,800," Frederick St, DeWitt, New York"
 Maconi Ave,DeWitt,600," Maconi Ave, DeWitt, New York"
 Tucker Ave,DeWitt,600," Tucker Ave, DeWitt, New York"
 Maconi Ave,DeWitt,600," Maconi Ave, DeWitt, New York"
 Cross Rd,DeWitt,100," Cross Rd, DeWitt, New York"
 Towpath W,Elbridge (town),2800," Towpath W, Elbridge (town), New York"
 Towpath W,Elbridge (town),2200," Towpath W, Elbridge (town), New York"
 State Route 31 Rr,Elbridge (town),275," State Route 31 Rr, Elbridge (town), New York"
 Toggenburg Rd,Fabius (town),5200," Toggenburg Rd, Fabius (town), New York"
123 Argyle Ave,Geddes,11013,"123 Argyle Ave, Geddes, New York"
900 State Fair Blvd,Geddes,6200,"900 State Fair Blvd, Geddes, New York"
115 Helmi Dr Rear,Geddes,3848,"115 Helmi Dr Rear, Geddes, New York"
900 State Fair Blvd,Geddes,990,"900 State Fair Blvd, Geddes, New York"
115 Helmi Dr Rear,Geddes,300,"115 Helmi Dr Rear, Geddes, New York"
123 Argyle Ave,Geddes,200,"123 Argyle Ave, Geddes, New York"
3547 Hayes Rd,Lysander,8000,"3547 Hayes Rd, Lysander, New York"
7330-35 Klines Island,Lysander,4000,"7330-35 Klines Island, Lysander, New York"
 Richmond Rd W,Manlius (town),5500," Richmond Rd W, Manlius (town), New York"
 Wells Ave,North Syracuse,4282," Wells Ave, North Syracuse, New York"
 Rockwell Rd,Onondaga,5000," Rockwell Rd, Onondaga, New York"
 Dutton Ave,Onondaga,2050," Dutton Ave, Onondaga, New York"
 Dutton Ave,Onondaga,1900," Dutton Ave, Onondaga, New York"
 Salina St,Onondaga,1600," Salina St, Onondaga, New York"
 Tenderfoot Trail Off,Onondaga,200," Tenderfoot Trail Off, Onondaga, New York"
 Beef St,Onondaga,45," Beef St, Onondaga, New York"
 Michael Ave,Pompey,1400," Michael Ave, Pompey, New York"
 Off Michael Ave,Pompey,1200," Off Michael Ave, Pompey, New York"
304 Molloy Rd E,Salina,175000,"304 Molloy Rd E, Salina, New York"
189-191 Beechwood Ave,Salina,25000,"189-191 Beechwood Ave, Salina, New York"
 Cold Springs Rd,Salina,7000," Cold Springs Rd, Salina, New York"
 Cold Springs Rd,Salina,6878," Cold Springs Rd, Salina, New York"
 Schaffer Ave,Salina,1700," Schaffer Ave, Salina, New York"
 Snyder Ave,Salina,1100," Snyder Ave, Salina, New York"
 Snyder Ave,Salina,800," Snyder Ave, Salina, New York"
 Woods Path Rd,Salina,500," Woods Path Rd, Salina, New York"
261 Leighton Ave,Salina,200,"261 Leighton Ave, Salina, New York"
516 Woods Rd,Solvay,7853,"516 Woods Rd, Solvay, New York"
212 Lamont Ave,Solvay,4795,"212 Lamont Ave, Solvay, New York"
516 Woods Rd,Solvay,4200,"516 Woods Rd, Solvay, New York"
1983 Milton Ave,Solvay,4169,"1983 Milton Ave, Solvay, New York"
212 Lamont Ave,Solvay,3500,"212 Lamont Ave, Solvay, New York"
1983 Milton Ave,Solvay,3100,"1983 Milton Ave, Solvay, New York"
110 Hatherleigh Rd Rear,Solvay,1235,"110 Hatherleigh Rd Rear, Solvay, New York"
110 Hatherleigh Rd Rear,Solvay,25,"110 Hatherleigh Rd Rear, Solvay, New York"
 Whiting Rd,Van Buren,650," Whiting Rd, Van Buren, New York"
118 Nicholsville Rd,Constantia,59995,"118 Nicholsville Rd, Constantia, New York"
4551 Twelve Corners Rd,Niles,1,"4551 Twelve Corners Rd, Niles, New York"
Lot #20 Off Irwin Rd,Sterling,35000,"Lot #20 Off Irwin Rd, Sterling, New York"
3430 Tall Tree Ln,Lysander,90000,"3430 Tall Tree Ln, Lysander, New York"
8069 Forest Ridge Lane,Lysander,50000,"8069 Forest Ridge Lane, Lysander, New York"
131 Caroline Ave,Solvay,55000,"131 Caroline Ave, Solvay, New York"
713 North Church Rd,Boylston,0,"713 North Church Rd, Boylston, New York"
420 Old State Rd,Redfield,54999,"420 Old State Rd, Redfield, New York"
4178 State Route 38,Auburn,1,"4178 State Route 38, Auburn, New York"
 Rolling Meadows Way,Camillus (town),52900," Rolling Meadows Way, Camillus (town), New York"
4782 Appaloosa Trl,Clay,170000,"4782 Appaloosa Trl, Clay, New York"
2790-2792 Otisco Vly Rd,Marcellus (town),90000,"2790-2792 Otisco Vly Rd, Marcellus (town), New York"
 Heritage Cir,Solvay,32000," Heritage Cir, Solvay, New York"
68 Hardwicke Dr,Solvay,15000,"68 Hardwicke Dr, Solvay, New York"
 St Rt 34,Hannibal (town),58000," St Rt 34, Hannibal (town), New York"
10 Jennika Ln,Hastings,6000,"10 Jennika Ln, Hastings, New York"
 Oneida River Rd,Schroeppel,80000," Oneida River Rd, Schroeppel, New York"
 Glen Haven Rd,Sempronius,210000," Glen Haven Rd, Sempronius, New York"
16266 Ontario Shores Dr,Sterling,30000,"16266 Ontario Shores Dr, Sterling, New York"
109 Left Field Crse,Manlius (village),90000,"109 Left Field Crse, Manlius (village), New York"
109 Left Field Crse,Manlius (village),90000,"109 Left Field Crse, Manlius (village), New York"
4328 Outlook Dr,Onondaga,700000,"4328 Outlook Dr, Onondaga, New York"
Off St Rt 48,Granby,3000,"Off St Rt 48, Granby, New York"
20 Halstead Dr,Granby,0,"20 Halstead Dr, Granby, New York"
 St Rt 34,Hannibal (town),10000," St Rt 34, Hannibal (town), New York"
 Hogs Back Rd,Hastings,2000," Hogs Back Rd, Hastings, New York"
 Sauter Rd,Hastings,0," Sauter Rd, Hastings, New York"
301 Lee Rd,New Haven,161000,"301 Lee Rd, New Haven, New York"
606 Canning Factory Rd,Richland,0,"606 Canning Factory Rd, Richland, New York"
 River Rd,Aurelius,1," River Rd, Aurelius, New York"
4599 Lebanon Rd,Lebanon,1,"4599 Lebanon Rd, Lebanon, New York"
 Columbus Ave,Camillus (town),0," Columbus Ave, Camillus (town), New York"
 State Route 31 Rr,Elbridge (town),400," State Route 31 Rr, Elbridge (town), New York"
 Lake Rd,Skaneateles (town),0," Lake Rd, Skaneateles (town), New York"
4005 Jordan Rd,Skaneateles (town),0,"4005 Jordan Rd, Skaneateles (town), New York"
501 Montrose Ave,Solvay,185000,"501 Montrose Ave, Solvay, New York"
2629 Pine Grove Rd,Spafford,399900,"2629 Pine Grove Rd, Spafford, New York"
 Co Rt 15,Sandy Creek (town),0," Co Rt 15, Sandy Creek (town), New York"
2663 Dog Corners Rd,Ledyard,1,"2663 Dog Corners Rd, Ledyard, New York"
 Ridge Rd,Sempronius,1," Ridge Rd, Sempronius, New York"
 Andrews Rd,Sterling,225000," Andrews Rd, Sterling, New York"
 South Meadow Drive,Cazenovia (village),1," South Meadow Drive, Cazenovia (village), New York"
109/7542 Center N/Lakeport Rd/Tag,Sullivan,0,"109/7542 Center N/Lakeport Rd/Tag, Sullivan, New York"
 Oswego Rd,Clay,1," Oswego Rd, Clay, New York"
116 Factory Ave,Salina,135000,"116 Factory Ave, Salina, New York"
182 Co Rt 17A,Amboy,280000,"182 Co Rt 17A, Amboy, New York"
522-72 Co Rt 17A,Amboy,0,"522-72 Co Rt 17A, Amboy, New York"
 Co Rt 37,Hastings,3319," Co Rt 37, Hastings, New York"
 Co Rt 25 Rd,Minetto,4091," Co Rt 25 Rd, Minetto, New York"
2865 Main St,Parish (village),547,"2865 Main St, Parish (village), New York"
407 Valley Rd,Richland,5247,"407 Valley Rd, Richland, New York"
 Great Bear Rd,Volney,34730," Great Bear Rd, Volney, New York"
 Great Bear Rd,Volney,28140," Great Bear Rd, Volney, New York"
 Great Bear Rd,Volney,6130," Great Bear Rd, Volney, New York"
315 Kingdom Rd,Volney,5000,"315 Kingdom Rd, Volney, New York"
5764 Mack Rd,Niles,1,"5764 Mack Rd, Niles, New York"
4328 Outlook Dr,Onondaga,1,"4328 Outlook Dr, Onondaga, New York"
121-123 First St,Fulton,20000,"121-123 First St, Fulton, New York"
Off Nine Mile Point Rd,Scriba,0,"Off Nine Mile Point Rd, Scriba, New York"
1494 Griffin Rd,Throop,309000,"1494 Griffin Rd, Throop, New York"
5517 Vista Way,Camillus (town),52900,"5517 Vista Way, Camillus (town), New York"
3158 State Route 90,Ledyard,685000,"3158 State Route 90, Ledyard, New York"
7564 North Street Rd,Sennett,1,"7564 North Street Rd, Sennett, New York"
12595 Ira Station Rd,Victory,108000,"12595 Ira Station Rd, Victory, New York"
689 W Genesee Rd,Lysander,159000,"689 W Genesee Rd, Lysander, New York"
2102 Harkins Ln,Lysander,85000,"2102 Harkins Ln, Lysander, New York"
 Tulip Tree Path,Lysander,75500," Tulip Tree Path, Lysander, New York"
12 Clairborn Ct,Minoa,24000,"12 Clairborn Ct, Minoa, New York"
 James Rd,Hannibal (town),0," James Rd, Hannibal (town), New York"
31 Oneida View Dr,Schroeppel,225000,"31 Oneida View Dr, Schroeppel, New York"
13258 Sanford Rd,Sterling,1,"13258 Sanford Rd, Sterling, New York"
 Pork St,Skaneateles (town),51000," Pork St, Skaneateles (town), New York"
 Hibiscus Harbor Rd,Springport,1," Hibiscus Harbor Rd, Springport, New York"
8218 Emerick Rd,Lysander,0,"8218 Emerick Rd, Lysander, New York"
310-12 Buckingham Ave,Syracuse,30000,"310-12 Buckingham Ave, Syracuse, New York"
1206 Carbon St,Syracuse,18000,"1206 Carbon St, Syracuse, New York"
57 Hong Kong Rd,Albion,15000,"57 Hong Kong Rd, Albion, New York"
61.5 First St,Fulton,500,"61.5 First St, Fulton, New York"
93 Bridge St,Phoenix,4500,"93 Bridge St, Phoenix, New York"
 Capitol St,Auburn,4400," Capitol St, Auburn, New York"
 Brooks Rd,Genoa,135000," Brooks Rd, Genoa, New York"
 Brooks Rd,Genoa,1," Brooks Rd, Genoa, New York"
"9439, 9441 Skaneateles Turnpike",Brookfield,329000,"9439, 9441 Skaneateles Turnpike, Brookfield, New York"
8921 Lake Rd,Lenox,20000,"8921 Lake Rd, Lenox, New York"
 Route 316,Lenox,20000," Route 316, Lenox, New York"
 Old Orchard Ave,Lenox,3500," Old Orchard Ave, Lenox, New York"
 Rolling Meadows Way,Camillus (town),52900," Rolling Meadows Way, Camillus (town), New York"
 Lafayette Rd,LaFayette,112500," Lafayette Rd, LaFayette, New York"
 Silver Street Rd,Fleming,18000," Silver Street Rd, Fleming, New York"
Off St Rt 104,Albion,0,"Off St Rt 104, Albion, New York"
1023 Emery St,Fulton,1000,"1023 Emery St, Fulton, New York"
6 Anna St,Auburn,9200,"6 Anna St, Auburn, New York"
 Weller Trl,Lenox,5000," Weller Trl, Lenox, New York"
 Ontario Ave,Cicero,2000," Ontario Ave, Cicero, New York"
3792 Harke Ln,Clay,45000,"3792 Harke Ln, Clay, New York"
 Co Rt 54,Schroeppel,0," Co Rt 54, Schroeppel, New York"
 Co Rt 54,Schroeppel,0," Co Rt 54, Schroeppel, New York"
 State Rt 104,Sterling,25000," State Rt 104, Sterling, New York"
661 State Fair Blvd,Geddes,1,"661 State Fair Blvd, Geddes, New York"
 Otisco Rd.,Otisco,5577," Otisco Rd., Otisco, New York"
62 & 64 Vitale Drive,Auburn,1,"62 & 64 Vitale Drive, Auburn, New York"
59 Vitale Dr,Auburn,1,"59 Vitale Dr, Auburn, New York"
61 Vitale Dr,Auburn,1,"61 Vitale Dr, Auburn, New York"
2685 Widewater Ln,Spafford,1,"2685 Widewater Ln, Spafford, New York"
114-16 Lafayette Ave,Syracuse,37000,"114-16 Lafayette Ave, Syracuse, New York"
310 Wilkinson St,Syracuse,5000,"310 Wilkinson St, Syracuse, New York"
1410-12 Colvin St W,Syracuse,976,"1410-12 Colvin St W, Syracuse, New York"
1820-24 Co Rt 7,Oswego (town),50000,"1820-24 Co Rt 7, Oswego (town), New York"
2446 Rockefeller Rd,Moravia (town),1,"2446 Rockefeller Rd, Moravia (town), New York"
5737 State Route 90,Springport,15000,"5737 State Route 90, Springport, New York"
0 River Road (Part Of),Eaton,8750,"0 River Road (Part Of), Eaton, New York"
164 Shaker Heights,Camillus (town),364900,"164 Shaker Heights, Camillus (town), New York"
3860 Hallston Dr,Clay,45000,"3860 Hallston Dr, Clay, New York"
 Rt 41,Spafford,1," Rt 41, Spafford, New York"
366 Little John Dr,Redfield,26000,"366 Little John Dr, Redfield, New York"
 Robinson Rd,Throop,85000," Robinson Rd, Throop, New York"
Vac Rosewood Cir,Weedsport,3000,"Vac Rosewood Cir, Weedsport, New York"
 W Hill Road,Madison (town),36000," W Hill Road, Madison (town), New York"
 Maplehurst Rd,Cicero,23000," Maplehurst Rd, Cicero, New York"
200 Lyncourt Dr,Salina,245000,"200 Lyncourt Dr, Salina, New York"
188 White Rd,Parish (town),240191,"188 White Rd, Parish (town), New York"
998 Carpenter Rd,Ledyard,30000,"998 Carpenter Rd, Ledyard, New York"
 Terry Rd,Geddes,1," Terry Rd, Geddes, New York"
115 Bridge St,Phoenix,65000,"115 Bridge St, Phoenix, New York"
 St Rt 13,Williamstown,0," St Rt 13, Williamstown, New York"
845 Poplar Ridge Rd,Ledyard,332500,"845 Poplar Ridge Rd, Ledyard, New York"
5737 State Route 90,Springport,7500,"5737 State Route 90, Springport, New York"
 Smith Ridge Rd.,Sullivan,36000," Smith Ridge Rd., Sullivan, New York"
4536 Hollyshire Way,Clay,585475,"4536 Hollyshire Way, Clay, New York"
406 Fayette St,Manlius (village),572779,"406 Fayette St, Manlius (village), New York"
418 Swansea Ave,Salina,270000,"418 Swansea Ave, Salina, New York"
721 Salina St,Syracuse,37500,"721 Salina St, Syracuse, New York"
196 Co Rt 33,Hastings,0,"196 Co Rt 33, Hastings, New York"
 Water Street,Cayuga,292," Water Street, Cayuga, New York"
1310 Off Turnpike Rd,Throop,1,"1310 Off Turnpike Rd, Throop, New York"
3797 Harke Ln,Clay,45000,"3797 Harke Ln, Clay, New York"
1712 North Rd,LaFayette,420000,"1712 North Rd, LaFayette, New York"
24 Baker Road,Marcellus (town),1,"24 Baker Road, Marcellus (town), New York"
 Teall Ave,Salina,1," Teall Ave, Salina, New York"
105 Schuyler St,Oswego (city),1000,"105 Schuyler St, Oswego (city), New York"
 Howlett Road,Eaton,1," Howlett Road, Eaton, New York"
8178 Warners Rd,Lenox,189900,"8178 Warners Rd, Lenox, New York"
 Seneca Beach Drive,Van Buren,15000," Seneca Beach Drive, Van Buren, New York"
515-517 Buffalo St,Fulton,500,"515-517 Buffalo St, Fulton, New York"
 St Rt 104,Mexico (town),40000," St Rt 104, Mexico (town), New York"
1670 St Rt 104,Albion,47500,"1670 St Rt 104, Albion, New York"
3670 Lysander Rd,Ira,75000,"3670 Lysander Rd, Ira, New York"
512 St Rt 13,Williamstown,82000,"512 St Rt 13, Williamstown, New York"
 Walker Rd,Sennett,40000," Walker Rd, Sennett, New York"
5520 Vista Way,Camillus (town),419200,"5520 Vista Way, Camillus (town), New York"
 Hamilton Rd,Elbridge (town),22000," Hamilton Rd, Elbridge (town), New York"
3311 Apulia Rd,LaFayette,20000,"3311 Apulia Rd, LaFayette, New York"
 Broad Rd Off,Onondaga,3200," Broad Rd Off, Onondaga, New York"
 Oran Eagle Village Rd,Pompey,0," Oran Eagle Village Rd, Pompey, New York"
410 Kenwick Dr,Salina,3200,"410 Kenwick Dr, Salina, New York"
 Co Rt 38,Hastings,12000," Co Rt 38, Hastings, New York"
 East Genesee Street Rd,Sennett,1," East Genesee Street Rd, Sennett, New York"
 Mason Rd,Brookfield,1," Mason Rd, Brookfield, New York"
9548 Clarecastle Path,Cicero,43500,"9548 Clarecastle Path, Cicero, New York"
 Curtain Rd,Tully (town),142500," Curtain Rd, Tully (town), New York"
 Lower Rd,Constantia,0," Lower Rd, Constantia, New York"
9468 Horseshoe Is Rd,Clay,7501,"9468 Horseshoe Is Rd, Clay, New York"
2590 Clematis Circle,Pompey,1,"2590 Clematis Circle, Pompey, New York"
843 Crow Hill Rd,Skaneateles (town),550000,"843 Crow Hill Rd, Skaneateles (town), New York"
 Stone Hill Rd,Amboy,0," Stone Hill Rd, Amboy, New York"
954 Co Rt 13,Boylston,40000,"954 Co Rt 13, Boylston, New York"
 Grand View Ave,Mexico (town),0," Grand View Ave, Mexico (town), New York"
 Co Rt 62,Richland,32335," Co Rt 62, Richland, New York"
525 Middle Rd,Scriba,95000,"525 Middle Rd, Scriba, New York"
302 Hitchcock Point Road,Sullivan,80000,"302 Hitchcock Point Road, Sullivan, New York"
7330-35 Klines Island,Lysander,1685,"7330-35 Klines Island, Lysander, New York"
3547 Hayes Rd,Lysander,1246,"3547 Hayes Rd, Lysander, New York"
8961 Cazenovia Rd,Pompey,65000,"8961 Cazenovia Rd, Pompey, New York"
189-191 Beechwood Ave,Salina,25716,"189-191 Beechwood Ave, Salina, New York"
261 Leighton Ave,Salina,5050,"261 Leighton Ave, Salina, New York"
 Woods Path Rd,Salina,3926," Woods Path Rd, Salina, New York"
 Schaffer Ave,Salina,3845," Schaffer Ave, Salina, New York"
 Snyder Ave,Salina,1961," Snyder Ave, Salina, New York"
 Snyder Ave,Salina,1961," Snyder Ave, Salina, New York"
108 Sinclair St,Skaneateles (village),305000,"108 Sinclair St, Skaneateles (village), New York"
 Nelson St,Cazenovia (village),1," Nelson St, Cazenovia (village), New York"
1636 Willowdale  Road,Spafford,1,"1636 Willowdale  Road, Spafford, New York"
 Glen Haven Rd,Niles,1," Glen Haven Rd, Niles, New York"
 Lincoln Knolls E.,Lincoln,25000," Lincoln Knolls E., Lincoln, New York"
227 Fairmount Ave,Salina,19000,"227 Fairmount Ave, Salina, New York"
 Jess Dr,Redfield,30000," Jess Dr, Redfield, New York"
 Spring St,Hamilton (town),75000," Spring St, Hamilton (town), New York"
 Curtain Rd,Tully (town),75000," Curtain Rd, Tully (town), New York"
40 New Meadows Dr,Hannibal (village),16900,"40 New Meadows Dr, Hannibal (village), New York"
44961 Ryans Way,Oswego (city),0,"44961 Ryans Way, Oswego (city), New York"
1385 Co Rt 37,West Monroe,120000,"1385 Co Rt 37, West Monroe, New York"
 Creek Rd,Sterling,8000," Creek Rd, Sterling, New York"
6118 Lakeshore Rd,Cicero,125000,"6118 Lakeshore Rd, Cicero, New York"
 South Ave,Onondaga,1," South Ave, Onondaga, New York"
805 Midland Ave,Syracuse,1,"805 Midland Ave, Syracuse, New York"
708 North Rd,Tully (town),100000,"708 North Rd, Tully (town), New York"
15590 Firelane 1,Sterling,10000,"15590 Firelane 1, Sterling, New York"
381 Co Rt 2,Redfield,0,"381 Co Rt 2, Redfield, New York"
2968 Ditmar Rd,Cato (town),20000,"2968 Ditmar Rd, Cato (town), New York"
9415 Woods Road,Sullivan,29000,"9415 Woods Road, Sullivan, New York"
8865 Beach Rd,Cicero,300,"8865 Beach Rd, Cicero, New York"
88 Birmingham Dr,Amboy,13995,"88 Birmingham Dr, Amboy, New York"
 Gale Rd,Cleveland,12000," Gale Rd, Cleveland, New York"
Off Co Rt 6,Schroeppel,15000,"Off Co Rt 6, Schroeppel, New York"
 Mary Lynn Dr. & Canal Rd.,Lenox,0," Mary Lynn Dr. & Canal Rd., Lenox, New York"
 Cedar St,Morrisville,1," Cedar St, Morrisville, New York"
103 Corliss Rd,Geddes,1,"103 Corliss Rd, Geddes, New York"
 Tuttle Rd,Cicero,1," Tuttle Rd, Cicero, New York"
6718 Pottery Rd,Van Buren,250000,"6718 Pottery Rd, Van Buren, New York"
226 Krebs Rd,Richland,0,"226 Krebs Rd, Richland, New York"
102 Steven Terr,Geddes,400000,"102 Steven Terr, Geddes, New York"
 Mc Caw Rd,Redfield,35000," Mc Caw Rd, Redfield, New York"
 Nottingham Rd,DeWitt,60000," Nottingham Rd, DeWitt, New York"
19 Fourth St,Fulton,105000,"19 Fourth St, Fulton, New York"
22 & 20 Mexico Bay Beach,Mexico (town),500,"22 & 20 Mexico Bay Beach, Mexico (town), New York"
54 Lake Pennock Dr,Orwell,90000,"54 Lake Pennock Dr, Orwell, New York"
15 Chinook St,Pulaski,20000,"15 Chinook St, Pulaski, New York"
 State Route 90,Ledyard,50000," State Route 90, Ledyard, New York"
 Cleveland Road,Onondaga,80000," Cleveland Road, Onondaga, New York"
 Hessel Rd,Boylston,60000," Hessel Rd, Boylston, New York"
239-45 Co Rt 29,Scriba,0,"239-45 Co Rt 29, Scriba, New York"
 Cleveland Road,Onondaga,70000," Cleveland Road, Onondaga, New York"
138 Campbell Rd,Salina,150000,"138 Campbell Rd, Salina, New York"
 Pople Ridge Rd,Mexico (town),17600," Pople Ridge Rd, Mexico (town), New York"
 Brook Trout Ln,Redfield,50000," Brook Trout Ln, Redfield, New York"
256 Third St,Fulton,1,"256 Third St, Fulton, New York"
753 Mc Donald Rd,Montezuma,180000,"753 Mc Donald Rd, Montezuma, New York"
 Richardson Hill Rd,Sempronius,100000," Richardson Hill Rd, Sempronius, New York"
5516 Vista Way,Camillus (town),52900,"5516 Vista Way, Camillus (town), New York"
 Terry Rd,Geddes,1," Terry Rd, Geddes, New York"
1398 Ryan Rd,Otisco,0,"1398 Ryan Rd, Otisco, New York"
 Whig Hill Rd,West Monroe,15000," Whig Hill Rd, West Monroe, New York"
128 Meirs Rd,Williamstown,21000,"128 Meirs Rd, Williamstown, New York"
 Barcroft Dr,Camillus (town),1," Barcroft Dr, Camillus (town), New York"
1576 St Rt 49,Constantia,250000,"1576 St Rt 49, Constantia, New York"
Off St Rt 48,Granby,3000,"Off St Rt 48, Granby, New York"
 Hogs Back Rd,Hastings,2000," Hogs Back Rd, Hastings, New York"
 Perry Hill Rd,Oswego (town),1000," Perry Hill Rd, Oswego (town), New York"
1462 Co Rt 4,Palermo,31000,"1462 Co Rt 4, Palermo, New York"
 Co Rt 57,Volney,5000," Co Rt 57, Volney, New York"
27 Bradley St,Auburn,1,"27 Bradley St, Auburn, New York"
95-97 E Genesee St,Auburn,1,"95-97 E Genesee St, Auburn, New York"
 Wilson Point Rd,Sullivan,55000," Wilson Point Rd, Sullivan, New York"
 Chatfield Rd,Elbridge (town),1," Chatfield Rd, Elbridge (town), New York"
1159 Grand Ave,Geddes,1,"1159 Grand Ave, Geddes, New York"
12 Kinderwood Dr,Marcellus (village),1,"12 Kinderwood Dr, Marcellus (village), New York"
 Hardscrabble Rd,Nelson,1," Hardscrabble Rd, Nelson, New York"
 Co Rt 4,Palermo,60500," Co Rt 4, Palermo, New York"
794 Co Rt 62,Sandy Creek (town),30000,"794 Co Rt 62, Sandy Creek (town), New York"
 Co Rt 45,Volney,0," Co Rt 45, Volney, New York"
56-58 Frances St,Auburn,1,"56-58 Frances St, Auburn, New York"
 Rolling Meadows Way,Camillus (town),52900," Rolling Meadows Way, Camillus (town), New York"
5507 Vista Way,Camillus (town),52900,"5507 Vista Way, Camillus (town), New York"
5557 Rolling Meadows Way,Camillus (town),51900,"5557 Rolling Meadows Way, Camillus (town), New York"
8075 Forest Ridge Lane,Lysander,375000,"8075 Forest Ridge Lane, Lysander, New York"
8075 Forest Ridge Lane,Lysander,50000,"8075 Forest Ridge Lane, Lysander, New York"
218 James St,Canastota,5500,"218 James St, Canastota, New York"
229 Canal St,Canastota,4000,"229 Canal St, Canastota, New York"
4249 Canal Rd,Lenox,5500,"4249 Canal Rd, Lenox, New York"
 Corner Lot,Lysander,372385," Corner Lot, Lysander, New York"
6932 Guyder Rd,Lysander,140000,"6932 Guyder Rd, Lysander, New York"
 Central Ave,Minoa,17900," Central Ave, Minoa, New York"
 Beef St,Onondaga,1," Beef St, Onondaga, New York"
14 Dylan Dr,Central Square,350000,"14 Dylan Dr, Central Square, New York"
 Rainbow Shores Rd,Sandy Creek (town),0," Rainbow Shores Rd, Sandy Creek (town), New York"
 Glen Haven Rd,Niles,1," Glen Haven Rd, Niles, New York"
5567 Rolling Meadows Way,Camillus (town),505500,"5567 Rolling Meadows Way, Camillus (town), New York"
 Mc Clennan Dr,Manlius (town),5000," Mc Clennan Dr, Manlius (town), New York"
 Octagon Rd,Otisco,0," Octagon Rd, Otisco, New York"
8007 Gallagher Rd Ext,Van Buren,33000,"8007 Gallagher Rd Ext, Van Buren, New York"
 Scenic Ave,Mexico (village),14000," Scenic Ave, Mexico (village), New York"
 Smith Rd,Lebanon,11000," Smith Rd, Lebanon, New York"
 Lafayette Rd,LaFayette,0," Lafayette Rd, LaFayette, New York"
302 Champlin Rd,Summerhill,255000,"302 Champlin Rd, Summerhill, New York"
 Craine Lake Rd,Lebanon,70000," Craine Lake Rd, Lebanon, New York"
5569 Rolling Meadows Way,Camillus (town),1,"5569 Rolling Meadows Way, Camillus (town), New York"
 Darrow Ave,Solvay,170000," Darrow Ave, Solvay, New York"
 Co Rt 15,Boylston,125000," Co Rt 15, Boylston, New York"
45277 Sunset Ln,Sandy Creek (town),0,"45277 Sunset Ln, Sandy Creek (town), New York"
 Swamp Rd,Sennett,85000," Swamp Rd, Sennett, New York"
 Dam Road,Cazenovia (town),1," Dam Road, Cazenovia (town), New York"
 Owasco Ave,Cicero,1," Owasco Ave, Cicero, New York"
3383 Longview Terrace,Lysander,525000,"3383 Longview Terrace, Lysander, New York"
3424 Tall Tree Lane,Lysander,403420,"3424 Tall Tree Lane, Lysander, New York"
3424 Tall Tree Lane,Lysander,65000,"3424 Tall Tree Lane, Lysander, New York"
 Tannery Ln,Fulton,6500," Tannery Ln, Fulton, New York"
 Bear Swamp Rd,Sempronius,211325," Bear Swamp Rd, Sempronius, New York"
 Stevens Rd,Elbridge (town),5000," Stevens Rd, Elbridge (town), New York"
8055 Forest Ridge Lane,Lysander,344500,"8055 Forest Ridge Lane, Lysander, New York"
8055 Forest Ridge Lane,Lysander,75000,"8055 Forest Ridge Lane, Lysander, New York"
 Hog Back Rd,Orwell,28900," Hog Back Rd, Orwell, New York"
210-16 Goodfellow Rd,Palermo,100000,"210-16 Goodfellow Rd, Palermo, New York"
3533 Lost Hollow Rd,Skaneateles (town),0,"3533 Lost Hollow Rd, Skaneateles (town), New York"
343 St Rt 34,Hannibal (town),35000,"343 St Rt 34, Hannibal (town), New York"
 St Rt 49,West Monroe,70000," St Rt 49, West Monroe, New York"
 Meirs Rd,Williamstown,0," Meirs Rd, Williamstown, New York"
"288 Fire Lane 2, Lot # 8",Genoa,44600,"288 Fire Lane 2, Lot # 8, Genoa, New York"
 Atwood Rd,Sempronius,36000," Atwood Rd, Sempronius, New York"
7233 Van Buren Rd,Van Buren,0,"7233 Van Buren Rd, Van Buren, New York"
6927 Island Rd,Cicero,120000,"6927 Island Rd, Cicero, New York"
Off Co Rt 1A,Scriba,2000,"Off Co Rt 1A, Scriba, New York"
213 Seymour St,Auburn,65000,"213 Seymour St, Auburn, New York"
 Shepherd Rd,Brutus,10," Shepherd Rd, Brutus, New York"
54 Lilly Ln,Conquest,80000,"54 Lilly Ln, Conquest, New York"
254 Main Street,Mentz,290000,"254 Main Street, Mentz, New York"
105.5 Meyers Rd,Salina,295000,"105.5 Meyers Rd, Salina, New York"
5 Marsden Dr,Mexico (town),19500,"5 Marsden Dr, Mexico (town), New York"
2481 Pleasant Rd,Eaton,1,"2481 Pleasant Rd, Eaton, New York"
203 Albright Rd,New Haven,145000,"203 Albright Rd, New Haven, New York"
 Hadcock Dr,Fair Haven,1," Hadcock Dr, Fair Haven, New York"
4501 East Lake Rd,Cazenovia (town),300000,"4501 East Lake Rd, Cazenovia (town), New York"
1284 Comstock Ave R 107 Xavier,Syracuse,65000,"1284 Comstock Ave R 107 Xavier, Syracuse, New York"
210-12 Glenwood Ave,Syracuse,2060,"210-12 Glenwood Ave, Syracuse, New York"
129-31 Baker Ave,Syracuse,69,"129-31 Baker Ave, Syracuse, New York"
178 Milnor Ave & Ball Ave,Syracuse,68,"178 Milnor Ave & Ball Ave, Syracuse, New York"
276 Lakeshore Rd,Oswego (town),92300,"276 Lakeshore Rd, Oswego (town), New York"
10185 Jordan Road,Cato (town),10000,"10185 Jordan Road, Cato (town), New York"
3078 Bush Rd,Pompey,285000,"3078 Bush Rd, Pompey, New York"
 Co Rt 4,Hastings,38900," Co Rt 4, Hastings, New York"
326 Mc Caw Rd,Redfield,30000,"326 Mc Caw Rd, Redfield, New York"
 Kline Rd,Schroeppel,22000," Kline Rd, Schroeppel, New York"
24 Johns Dr,Schroeppel,0,"24 Johns Dr, Schroeppel, New York"
919 Stone Hill Rd,Williamstown,47000,"919 Stone Hill Rd, Williamstown, New York"
 Ricard Rd,Williamstown,3000," Ricard Rd, Williamstown, New York"
3757 Malibu Hills Drive,Camillus (town),415700,"3757 Malibu Hills Drive, Camillus (town), New York"
8186 Rachel Ct,Clay,280000,"8186 Rachel Ct, Clay, New York"
 Cleveland Road,Onondaga,75000," Cleveland Road, Onondaga, New York"
301 Lee Rd,New Haven,161000,"301 Lee Rd, New Haven, New York"
26 Montgomery St,Parish (village),9000,"26 Montgomery St, Parish (village), New York"
14831 Hadcock Dr,Fair Haven,70000,"14831 Hadcock Dr, Fair Haven, New York"
15 Clairborn Court,Minoa,65000,"15 Clairborn Court, Minoa, New York"
Lot 157 15 Clairborn,Minoa,24000,"Lot 157 15 Clairborn, Minoa, New York"
 Peat Bed Rd,Hannibal (town),20000," Peat Bed Rd, Hannibal (town), New York"
32 Albany St,Oswego (city),0,"32 Albany St, Oswego (city), New York"
Off Thompson Rd,Oswego (town),0,"Off Thompson Rd, Oswego (town), New York"
 Co Rt 4,Volney,54000," Co Rt 4, Volney, New York"
2875 Firelane 1,Venice,1,"2875 Firelane 1, Venice, New York"
9130 Ashley Landing Dr,Clay,478000,"9130 Ashley Landing Dr, Clay, New York"
 Schaap Rd,Elbridge (town),13000," Schaap Rd, Elbridge (town), New York"
545-47 Park Ave,Syracuse,976,"545-47 Park Ave, Syracuse, New York"
66 Second St,Fulton,72000,"66 Second St, Fulton, New York"
943 State Route 34B,Genoa,530000,"943 State Route 34B, Genoa, New York"
 State Rt 104,Sterling,11000," State Rt 104, Sterling, New York"
 Old State Rd,Victory,485000," Old State Rd, Victory, New York"
726 Co Rt 85,Hannibal (town),0,"726 Co Rt 85, Hannibal (town), New York"
107-38 Wart Rd,Orwell,0,"107-38 Wart Rd, Orwell, New York"
2100 Lemon School Rd,Conquest,1,"2100 Lemon School Rd, Conquest, New York"
3544 Wyckoff Rd,Scipio,800000,"3544 Wyckoff Rd, Scipio, New York"
 Hayes Rd,Lysander,15000," Hayes Rd, Lysander, New York"
 Riverside Pointe Dr,Albion,85000," Riverside Pointe Dr, Albion, New York"
92 Lewis St,Pulaski,49900,"92 Lewis St, Pulaski, New York"
5554 Huntington Camp Rd,Eaton,60000,"5554 Huntington Camp Rd, Eaton, New York"
Lot 4 Seneca Estates Marina,Lysander,3500,"Lot 4 Seneca Estates Marina, Lysander, New York"
,Syracuse,151,
,Syracuse,151,
 W Sorrell Hill Rd,Van Buren,0," W Sorrell Hill Rd, Van Buren, New York"
292 Towne Rd,Albion,0,"292 Towne Rd, Albion, New York"
393 Eighth St,Oswego (city),0,"393 Eighth St, Oswego (city), New York"
5875 Quarter Moon Dr,Onondaga,53000,"5875 Quarter Moon Dr, Onondaga, New York"
2835 Gardner Rd,Pompey,56000,"2835 Gardner Rd, Pompey, New York"
 Tannery Ln,Fulton,6000," Tannery Ln, Fulton, New York"
 Tannery Ln,Fulton,3000," Tannery Ln, Fulton, New York"
1 Tower Dr,Fulton,1,"1 Tower Dr, Fulton, New York"
1 Maple Crest Ln,Fulton,1,"1 Maple Crest Ln, Fulton, New York"
2 Maple Crest Ln,Fulton,0,"2 Maple Crest Ln, Fulton, New York"
3 Maple Crest Ln,Fulton,0,"3 Maple Crest Ln, Fulton, New York"
8 Maple Crest Ln,Fulton,0,"8 Maple Crest Ln, Fulton, New York"
9 Maple Crest Ln,Fulton,0,"9 Maple Crest Ln, Fulton, New York"
10 Maple Crest Ln,Fulton,0,"10 Maple Crest Ln, Fulton, New York"
 Hume Ln,Throop,40000," Hume Ln, Throop, New York"
113-115 Roberts St,Canastota,100000,"113-115 Roberts St, Canastota, New York"
9028 River Rd,Lysander,30000,"9028 River Rd, Lysander, New York"
1907 Hibbard Rd,Brookfield,33000,"1907 Hibbard Rd, Brookfield, New York"
56 Payne St,Hamilton (village),730000,"56 Payne St, Hamilton (village), New York"
425 Dewport Road,Van Buren,75000,"425 Dewport Road, Van Buren, New York"
63-65 First St,Fulton,1000,"63-65 First St, Fulton, New York"
1761 Bush Hill Rd,Conquest,16000,"1761 Bush Hill Rd, Conquest, New York"
 Smith Rd,Cazenovia (town),62000," Smith Rd, Cazenovia (town), New York"
5874 Quarry Rd,Lincoln,29000,"5874 Quarry Rd, Lincoln, New York"
212 Mc Caw Rd,Redfield,35000,"212 Mc Caw Rd, Redfield, New York"
12595 Ira Station Rd,Victory,80000,"12595 Ira Station Rd, Victory, New York"
23 Dunlap Avenue,Marcellus (village),99900,"23 Dunlap Avenue, Marcellus (village), New York"
7362 Skadden Terr,Tully (village),16500,"7362 Skadden Terr, Tully (village), New York"
128 Meirs Rd,Williamstown,0,"128 Meirs Rd, Williamstown, New York"
5012 State Route 34,Fleming,65000,"5012 State Route 34, Fleming, New York"
 Fancher Ave,Fair Haven,90000," Fancher Ave, Fair Haven, New York"
4776 Westcott Road,Eaton,1000,"4776 Westcott Road, Eaton, New York"
6130 Mud Mill Rd,Cicero,59999,"6130 Mud Mill Rd, Cicero, New York"
4644 Kingsford Ter,Onondaga,770000,"4644 Kingsford Ter, Onondaga, New York"
399 Hog Back Rd,Orwell,40000,"399 Hog Back Rd, Orwell, New York"
34 Donovan Dr,Oswego (town),180597,"34 Donovan Dr, Oswego (town), New York"
2027 River Rd,Conquest,1,"2027 River Rd, Conquest, New York"
5869 West Lake Rd,Fleming,1,"5869 West Lake Rd, Fleming, New York"
3858 Floridaville Rd,Ira,1,"3858 Floridaville Rd, Ira, New York"
122 Pebblestone Drive,Chittenango,19000,"122 Pebblestone Drive, Chittenango, New York"
 Cleveland Road,Onondaga,75000," Cleveland Road, Onondaga, New York"
128 Roswell Ave,Onondaga,4500,"128 Roswell Ave, Onondaga, New York"
63-65 Orchard St,Auburn,1,"63-65 Orchard St, Auburn, New York"
14300 Craine Rd,Fair Haven,25000,"14300 Craine Rd, Fair Haven, New York"
 Old Orchard Ave,Lenox,40000," Old Orchard Ave, Lenox, New York"
339 Williams St,Oneida (city),13000,"339 Williams St, Oneida (city), New York"
 Smith Ridge Rd.,Sullivan,70000," Smith Ridge Rd., Sullivan, New York"
3880 Hallston Dr,Clay,90000,"3880 Hallston Dr, Clay, New York"
8798 Dell Center Dr,Clay,40000,"8798 Dell Center Dr, Clay, New York"
 Beard Ave,DeWitt,99000," Beard Ave, DeWitt, New York"
104 Rising Crest Cir,Minoa,46000,"104 Rising Crest Cir, Minoa, New York"
,Syracuse,1,
420 Park Ave,Fulton,1000,"420 Park Ave, Fulton, New York"
 Co Rt 7,Oswego (town),0," Co Rt 7, Oswego (town), New York"
58 Daysville Rd,Richland,36000,"58 Daysville Rd, Richland, New York"
 Stanton Rd,Spafford,1," Stanton Rd, Spafford, New York"
306 Elliott St,Syracuse,151,"306 Elliott St, Syracuse, New York"
 Holly Dr,Fulton,0," Holly Dr, Fulton, New York"
448 Harvester Mill Rd,Redfield,1,"448 Harvester Mill Rd, Redfield, New York"
5651 &5653 Davey Rd,Cicero,500000,"5651 &5653 Davey Rd, Cicero, New York"
 Berry Rd,LaFayette,33000," Berry Rd, LaFayette, New York"
 St Rt 3,Sandy Creek (town),17500," St Rt 3, Sandy Creek (town), New York"
4933 West Lake Rd,Fleming,265000,"4933 West Lake Rd, Fleming, New York"
Vac Rosewood Cir,Weedsport,32000,"Vac Rosewood Cir, Weedsport, New York"
229 Canal St,Canastota,0,"229 Canal St, Canastota, New York"
218 James St,Canastota,0,"218 James St, Canastota, New York"
 East Lake Road,De Ruyter0,3300," East Lake Road, De Ruyter0, New York"
 Poolville Rd,Hamilton (town),51000," Poolville Rd, Hamilton (town), New York"
4249 Canal Rd,Lenox,0,"4249 Canal Rd, Lenox, New York"
5505 Vista Way,Camillus (town),52900,"5505 Vista Way, Camillus (town), New York"
5648 River Rock Dr,Elbridge (town),25000,"5648 River Rock Dr, Elbridge (town), New York"
1437 Old Seneca Tpk,Skaneateles (town),450000,"1437 Old Seneca Tpk, Skaneateles (town), New York"
 Co Rt 22,Lacona,12000," Co Rt 22, Lacona, New York"
 Co Rt 35,New Haven,1," Co Rt 35, New Haven, New York"
9011 Kennedy Lane,Sullivan,37000,"9011 Kennedy Lane, Sullivan, New York"
 Broadfield Rd,Pompey,100000," Broadfield Rd, Pompey, New York"
120 Baker Ave,Syracuse,135000,"120 Baker Ave, Syracuse, New York"
 Co Rt 7,Hannibal (town),39900," Co Rt 7, Hannibal (town), New York"
Vac Rosewood Cir,Weedsport,30000,"Vac Rosewood Cir, Weedsport, New York"
4520 Vinegar Hill Rd,Skaneateles (town),27000,"4520 Vinegar Hill Rd, Skaneateles (town), New York"
 St Rt 264,Schroeppel,0," St Rt 264, Schroeppel, New York"
15196 State Rt 104,Sterling,1,"15196 State Rt 104, Sterling, New York"
223 & 225 Irving St / Richmond Rd E,East Syracuse,1,"223 & 225 Irving St / Richmond Rd E, East Syracuse, New York"
125 Wood Avenue,Syracuse,151,"125 Wood Avenue, Syracuse, New York"
50 Taft Bay Rd,Constantia,570000,"50 Taft Bay Rd, Constantia, New York"
432A Fifth St,Oswego (city),0,"432A Fifth St, Oswego (city), New York"
99-101 N Division St,Auburn,1,"99-101 N Division St, Auburn, New York"
Off State Rt 104 A,Sterling,21800,"Off State Rt 104 A, Sterling, New York"
,Syracuse,1,
 Dejohn Dr,Van Buren,0," Dejohn Dr, Van Buren, New York"
6976 Glen Haven Rd,Sempronius,825000,"6976 Glen Haven Rd, Sempronius, New York"
 Center Street Rd,Sennett,10000," Center Street Rd, Sennett, New York"
6831 Holliston Cir,DeWitt,1,"6831 Holliston Cir, DeWitt, New York"
224 Yates St,East Syracuse,1000,"224 Yates St, East Syracuse, New York"
2115 Harkins Lane,Lysander,87000,"2115 Harkins Lane, Lysander, New York"
24 Baker Road,Marcellus (village),94905,"24 Baker Road, Marcellus (village), New York"
1622 Coon Hill Rd,Skaneateles (town),10000,"1622 Coon Hill Rd, Skaneateles (town), New York"
 Co Rt 45,Volney,1500," Co Rt 45, Volney, New York"
 South Street Rd,Fleming,30000," South Street Rd, Fleming, New York"
2705 State Route 370,Ira,1,"2705 State Route 370, Ira, New York"
3476 State Route 90,Ledyard,1,"3476 State Route 90, Ledyard, New York"
7 Baltimore Ridge Road,Marcellus (village),119900,"7 Baltimore Ridge Road, Marcellus (village), New York"
 Pleasant Ave,North Syracuse,600," Pleasant Ave, North Syracuse, New York"
 Gardner Rd,Pompey,1," Gardner Rd, Pompey, New York"
 Kehoe Rd,Sandy Creek (town),9000," Kehoe Rd, Sandy Creek (town), New York"
 Robinson Rd,Throop,1," Robinson Rd, Throop, New York"
9092 Arthur Jenkins Ave,Lenox,10500,"9092 Arthur Jenkins Ave, Lenox, New York"
 Old Orchard Ave,Lenox,0," Old Orchard Ave, Lenox, New York"
8799 Dell Center Dr,Clay,42500,"8799 Dell Center Dr, Clay, New York"
8071 River Rd,Lysander,189610,"8071 River Rd, Lysander, New York"
 Otisco Valley Rd,Otisco,149900," Otisco Valley Rd, Otisco, New York"
 Otisco Valley Rd,Otisco,0," Otisco Valley Rd, Otisco, New York"
103 Florida Rd N,Salina,140000,"103 Florida Rd N, Salina, New York"
696 Fire Lane 5,Genoa,1,"696 Fire Lane 5, Genoa, New York"
1546 Mcfarland Rd,Sterling,249900,"1546 Mcfarland Rd, Sterling, New York"
6381 Finish Line Trl,Cicero,49500,"6381 Finish Line Trl, Cicero, New York"
9 Baltimore Ridge Road,Marcellus (village),109900,"9 Baltimore Ridge Road, Marcellus (village), New York"
117 Maccollum Rd,Elbridge (village),36000,"117 Maccollum Rd, Elbridge (village), New York"
3133 Lake Rd,Skaneateles (town),4600000,"3133 Lake Rd, Skaneateles (town), New York"
 Co Rt 17,Redfield,15000," Co Rt 17, Redfield, New York"
 Black Creek Rd,Clay,112000," Black Creek Rd, Clay, New York"
134 Giddings Trl,Lysander,473305,"134 Giddings Trl, Lysander, New York"
7705 Mocha Bear Path,Lysander,125000,"7705 Mocha Bear Path, Lysander, New York"
4917 Seneca Tpke,Onondaga,84500,"4917 Seneca Tpke, Onondaga, New York"
2381 Lake Rd,Spafford,1,"2381 Lake Rd, Spafford, New York"
 Kibbie Lake Rd,Constantia,20000," Kibbie Lake Rd, Constantia, New York"
 Tannery Ln,Fulton,3000," Tannery Ln, Fulton, New York"
200 Russell Rd,Granby,0,"200 Russell Rd, Granby, New York"
620 Co Rt 27,Redfield,0,"620 Co Rt 27, Redfield, New York"
32 Mill St,Port Byron,60000,"32 Mill St, Port Byron, New York"
354 Washington Ave,Oneida (city),140500,"354 Washington Ave, Oneida (city), New York"
699 Rugby Rd,Sullivan,38625,"699 Rugby Rd, Sullivan, New York"
4774 Cleveland Rd,Onondaga,2000,"4774 Cleveland Rd, Onondaga, New York"
4774 Cleveland Rd,Onondaga,1,"4774 Cleveland Rd, Onondaga, New York"
135 Maxwell Avenue,Syracuse,151,"135 Maxwell Avenue, Syracuse, New York"
 Hog Back Rd,Orwell,65000," Hog Back Rd, Orwell, New York"
28 Wheeler Rd,West Monroe,0,"28 Wheeler Rd, West Monroe, New York"
 Wheeler Rd,West Monroe,0," Wheeler Rd, West Monroe, New York"
 Martin Rd,Cleveland,0," Martin Rd, Cleveland, New York"
 Frederick St,DeWitt,1," Frederick St, DeWitt, New York"
 Lawrence Rd,Camillus (town),35000," Lawrence Rd, Camillus (town), New York"
139 Maxwell Avenue,Syracuse,151,"139 Maxwell Avenue, Syracuse, New York"
 Co Rt 30A,Williamstown,25300," Co Rt 30A, Williamstown, New York"
419 Fire Lane 33,Moravia (town),10000,"419 Fire Lane 33, Moravia (town), New York"
59 Vitale Dr,Auburn,39000,"59 Vitale Dr, Auburn, New York"
61 Vitale Dr,Auburn,39000,"61 Vitale Dr, Auburn, New York"
62 Vitale Drive,Auburn,39000,"62 Vitale Drive, Auburn, New York"
15567 Firelane 1,Sterling,1,"15567 Firelane 1, Sterling, New York"
2351 Turnpike Rd,Throop,324900,"2351 Turnpike Rd, Throop, New York"
4060 Long Hill Rd,Venice,25000,"4060 Long Hill Rd, Venice, New York"
 Briggs Bay Ave,Lenox,14500," Briggs Bay Ave, Lenox, New York"
7396 Lakeshore Rd,Cicero,75000,"7396 Lakeshore Rd, Cicero, New York"
 State Route 31,Clay,900000," State Route 31, Clay, New York"
262 Clinton Rd,Elbridge (town),1,"262 Clinton Rd, Elbridge (town), New York"
24 Dunlap Avenue,Marcellus (village),99900,"24 Dunlap Avenue, Marcellus (village), New York"
20 Baker Road,Marcellus (village),85405,"20 Baker Road, Marcellus (village), New York"
19 Baker Road,Marcellus (village),75905,"19 Baker Road, Marcellus (village), New York"
 Jupiter Inlet Way,Onondaga,65000," Jupiter Inlet Way, Onondaga, New York"
 Salina St,Lacona,5000," Salina St, Lacona, New York"
24 Ninth St,Oswego (city),84900,"24 Ninth St, Oswego (city), New York"
5953 Sayles Corners Rd,Sempronius,460000,"5953 Sayles Corners Rd, Sempronius, New York"
3 Baltimore Ridge Road,Marcellus (village),119900,"3 Baltimore Ridge Road, Marcellus (village), New York"
220 Lexi Ln,Van Buren,70000,"220 Lexi Ln, Van Buren, New York"
458 Bull Run Rd,Albion,0,"458 Bull Run Rd, Albion, New York"
298 Auringer Rd,Constantia,65000,"298 Auringer Rd, Constantia, New York"
 Co Rt 26,Parish (town),30000," Co Rt 26, Parish (town), New York"
 Rikers Beach Rd,Scriba,22000," Rikers Beach Rd, Scriba, New York"
12625 Farnam Rd,Ira,1,"12625 Farnam Rd, Ira, New York"
 Wilkinson Road,Hamilton (town),65000," Wilkinson Road, Hamilton (town), New York"
 Caughdenoy Rd,Clay,55000," Caughdenoy Rd, Clay, New York"
7885-7889 Main St,Fabius (village),138297,"7885-7889 Main St, Fabius (village), New York"
9116 Frenchmans Ck Dr,Lysander,69900,"9116 Frenchmans Ck Dr, Lysander, New York"
712 Main St,Fair Haven,24900,"712 Main St, Fair Haven, New York"
5953 Sayles Corners Rd,Sempronius,1,"5953 Sayles Corners Rd, Sempronius, New York"
26 South Meadow Dr,Cazenovia (village),64000,"26 South Meadow Dr, Cazenovia (village), New York"
1861 Old Seneca Tpk,Skaneateles (town),1,"1861 Old Seneca Tpk, Skaneateles (town), New York"
 Johnson Rd,Constantia,150000," Johnson Rd, Constantia, New York"
157 Tubbs Rd,Mexico (town),115000,"157 Tubbs Rd, Mexico (town), New York"
 Co Rt 12,Schroeppel,3000," Co Rt 12, Schroeppel, New York"
 Glen Haven Rd,Sempronius,164500," Glen Haven Rd, Sempronius, New York"
7581 Taft Rd,Cicero,1,"7581 Taft Rd, Cicero, New York"
460 Coppernoll Rd,Lysander,1,"460 Coppernoll Rd, Lysander, New York"
 Sharp Rd,Granby,61000," Sharp Rd, Granby, New York"
 St Rt 69,Parish (town),1," St Rt 69, Parish (town), New York"
9005 Kennedy Ln,Sullivan,42000,"9005 Kennedy Ln, Sullivan, New York"
1515 Honoco Rd,Ledyard,112800,"1515 Honoco Rd, Ledyard, New York"
5085 Van Zandt Rd,Onondaga,8000,"5085 Van Zandt Rd, Onondaga, New York"
 Co Rt 26,West Monroe,65000," Co Rt 26, West Monroe, New York"
169 N Herman Av,Auburn,23400,"169 N Herman Av, Auburn, New York"
3158 State Route 90,Ledyard,550000,"3158 State Route 90, Ledyard, New York"
6448 Appletree Point Rd,Niles,1,"6448 Appletree Point Rd, Niles, New York"
158-60 Doris Park Dr,Constantia,0,"158-60 Doris Park Dr, Constantia, New York"
5503 Vista Way,Camillus (town),52900,"5503 Vista Way, Camillus (town), New York"
9088 Ashley Landing Dr,Clay,85500,"9088 Ashley Landing Dr, Clay, New York"
100 Highridge Pl,Onondaga,315000,"100 Highridge Pl, Onondaga, New York"
656-60 Fellows Ave,Syracuse,35000,"656-60 Fellows Ave, Syracuse, New York"
125 Wood Avenue,Syracuse,151,"125 Wood Avenue, Syracuse, New York"
5472 Us Rt 11,Sandy Creek (town),157697,"5472 Us Rt 11, Sandy Creek (town), New York"
 Feather Dr,LaFayette,13000," Feather Dr, LaFayette, New York"
 Granby Rd,Granby,0," Granby Rd, Granby, New York"
 State Route 31,Mentz,1," State Route 31, Mentz, New York"
4665 Route 20,Eaton,12000,"4665 Route 20, Eaton, New York"
755 Kibby Rd,Lysander,382000,"755 Kibby Rd, Lysander, New York"
14 Jay Ln,Phoenix,275000,"14 Jay Ln, Phoenix, New York"
1526 River Rd,Conquest,1,"1526 River Rd, Conquest, New York"
5569 Rolling Meadows Way,Camillus (town),436850,"5569 Rolling Meadows Way, Camillus (town), New York"
 Rolling Meadows Way,Camillus (town),52900," Rolling Meadows Way, Camillus (town), New York"
 Corner Lot,Lysander,65000," Corner Lot, Lysander, New York"
225 Harriette Ave,Syracuse,151,"225 Harriette Ave, Syracuse, New York"
 Obrien Rd,Van Buren,10000," Obrien Rd, Van Buren, New York"
3508 St Rt 104,Mexico (town),181000,"3508 St Rt 104, Mexico (town), New York"
 St Rt 49,Schroeppel,7250," St Rt 49, Schroeppel, New York"
 West Lake Road,Fleming,25000," West Lake Road, Fleming, New York"
11576 Mc Neeley Rd,Victory,315000,"11576 Mc Neeley Rd, Victory, New York"
6817 Jamesville Grove Ln,LaFayette,150000,"6817 Jamesville Grove Ln, LaFayette, New York"
 St Rt 49,Constantia,0," St Rt 49, Constantia, New York"
64 Kipp Rd,Parish (town),0,"64 Kipp Rd, Parish (town), New York"
0 Mariposa Road,De Ruyter0,58000,"0 Mariposa Road, De Ruyter0, New York"
0 Lake Moraine Rd,Madison (town),40000,"0 Lake Moraine Rd, Madison (town), New York"
0 State Route 31,Sullivan,38900,"0 State Route 31, Sullivan, New York"
8321 Salt Springs Rd,Manlius (town),115000,"8321 Salt Springs Rd, Manlius (town), New York"
49 State St,Tully (village),1,"49 State St, Tully (village), New York"
Vac Weedsport Sennett Rd,Brutus,102100,"Vac Weedsport Sennett Rd, Brutus, New York"
10998 Duger Rd,Cato (town),52100,"10998 Duger Rd, Cato (town), New York"
 East Cayuga St,Locke,1025," East Cayuga St, Locke, New York"
8263 West Loop Rd,Montezuma,36500,"8263 West Loop Rd, Montezuma, New York"
12360 Coleman Rd,Victory,45000,"12360 Coleman Rd, Victory, New York"
 Woodchuck Hill Road,DeWitt,1," Woodchuck Hill Road, DeWitt, New York"
210 Wall St,Syracuse,4750,"210 Wall St, Syracuse, New York"
116 Charles Ave,Solvay,1,"116 Charles Ave, Solvay, New York"
 Hidden Valley Dr,Sennett,1," Hidden Valley Dr, Sennett, New York"
7424 Palmcrest Rd,Cicero,197000,"7424 Palmcrest Rd, Cicero, New York"
Lot 2 Maple Road,Clay,40000,"Lot 2 Maple Road, Clay, New York"
5721 Harness Hook Lane,Manlius (town),70000,"5721 Harness Hook Lane, Manlius (town), New York"
3007 Pleasant Vly Rd,Marcellus (town),100000,"3007 Pleasant Vly Rd, Marcellus (town), New York"
3007 Pleasant Vly Rd,Marcellus (town),1,"3007 Pleasant Vly Rd, Marcellus (town), New York"
 Co Rt 23,Constantia,0," Co Rt 23, Constantia, New York"
 Fire Lane 12,Niles,1," Fire Lane 12, Niles, New York"
7914 Ontario Ave,Cicero,145000,"7914 Ontario Ave, Cicero, New York"
 Totman & Smith Rd,Cicero,1," Totman & Smith Rd, Cicero, New York"
3188 Samantha Dr,Lysander,40000,"3188 Samantha Dr, Lysander, New York"
Lot #38 Irwin Rd,Sterling,14000,"Lot #38 Irwin Rd, Sterling, New York"
237 Kinne St,East Syracuse,240000,"237 Kinne St, East Syracuse, New York"
 O'Hara Rd,Redfield,68000," O'Hara Rd, Redfield, New York"
 Rolling Meadows Way,Camillus (town),52900," Rolling Meadows Way, Camillus (town), New York"
 Rolling Meadows Way,Camillus (town),52900," Rolling Meadows Way, Camillus (town), New York"
4722 Weller Hall Place,Clay,58750,"4722 Weller Hall Place, Clay, New York"
93 Aldrich Ln,Schroeppel,0,"93 Aldrich Ln, Schroeppel, New York"
 Fyler Rd,Sullivan,35000," Fyler Rd, Sullivan, New York"
766 Howell Rd,Conquest,75000,"766 Howell Rd, Conquest, New York"
 Calemad Dr,Sennett,87500," Calemad Dr, Sennett, New York"
 Brandt Rd,Victory,50000," Brandt Rd, Victory, New York"
 Whitman Rd,Lincoln,15000," Whitman Rd, Lincoln, New York"
 Newton Road,Madison (town),50000," Newton Road, Madison (town), New York"
5656 River Rock Dr,Elbridge (town),22000,"5656 River Rock Dr, Elbridge (town), New York"
107 Minoa Lakes Drive,Minoa,70000,"107 Minoa Lakes Drive, Minoa, New York"
107 Minoa Lakes Drive,Minoa,24000,"107 Minoa Lakes Drive, Minoa, New York"
250 Fourth St,Oswego (city),240000,"250 Fourth St, Oswego (city), New York"
166 Goodfellow Rd,Palermo,74000,"166 Goodfellow Rd, Palermo, New York"
 Calemad Dr,Sennett,87500," Calemad Dr, Sennett, New York"
6417 Finish Line Trl,Cicero,47000,"6417 Finish Line Trl, Cicero, New York"
9539 Clarecastle Path,Cicero,43500,"9539 Clarecastle Path, Cicero, New York"
 Berwick Rd S,Salina,8500," Berwick Rd S, Salina, New York"
130 Genesee St,Skaneateles (village),6100000,"130 Genesee St, Skaneateles (village), New York"
204 Salisbury Rd,Syracuse,181450,"204 Salisbury Rd, Syracuse, New York"
 Salt Rd,Constantia,40000," Salt Rd, Constantia, New York"
12172 Westbury Rd,Victory,36000,"12172 Westbury Rd, Victory, New York"
2627 Route 13,Cazenovia (town),70000,"2627 Route 13, Cazenovia (town), New York"
Lot #20 Westland Drive,Eaton,50000,"Lot #20 Westland Drive, Eaton, New York"
 Fyler Rd,Sullivan,25000," Fyler Rd, Sullivan, New York"
7461 Murray Dr,Cicero,525000,"7461 Murray Dr, Cicero, New York"
 Willowdale,Spafford,1," Willowdale, Spafford, New York"
228 & 232 Bloomfield Street,Van Buren,140000,"228 & 232 Bloomfield Street, Van Buren, New York"
 Austin Rd,Albion,28000," Austin Rd, Albion, New York"
 St Rt 3,Mexico (town),0," St Rt 3, Mexico (town), New York"
600 Paradise Rd,Palermo,0,"600 Paradise Rd, Palermo, New York"
 Main St,Phoenix,0," Main St, Phoenix, New York"
 Co Rt 57,Schroeppel,0," Co Rt 57, Schroeppel, New York"
 Oberon Dr,Genoa,203000," Oberon Dr, Genoa, New York"
 Superior Ave,Cicero,60000," Superior Ave, Cicero, New York"
68 Hardwicke Dr,Solvay,30000,"68 Hardwicke Dr, Solvay, New York"
 Camp Rd,Schroeppel,1," Camp Rd, Schroeppel, New York"
563-81 Co Rt 54,Schroeppel,0,"563-81 Co Rt 54, Schroeppel, New York"
843 O'Connor Rd,Scriba,26000,"843 O'Connor Rd, Scriba, New York"
12766 White Cemetery Rd,Ira,1,"12766 White Cemetery Rd, Ira, New York"
 Thomas Road,Nelson,1000," Thomas Road, Nelson, New York"
 Stagecoach Rd,Onondaga,69900," Stagecoach Rd, Onondaga, New York"
 Stacy Dr,Boylston,15000," Stacy Dr, Boylston, New York"
 Baldwin Rd,Volney,51500," Baldwin Rd, Volney, New York"
 Gordon Rd,Lysander,1," Gordon Rd, Lysander, New York"
 Gordon Rd,Lysander,1," Gordon Rd, Lysander, New York"
 Parapet Dr,Onondaga,1," Parapet Dr, Onondaga, New York"
 Marguerite Dr,Lenox,52000," Marguerite Dr, Lenox, New York"
410 Swamp Rd,Lysander,0,"410 Swamp Rd, Lysander, New York"
2902 Slate Hill Rd,Marcellus (town),42000,"2902 Slate Hill Rd, Marcellus (town), New York"
1843 Woodmancy Rd,Otisco,195000,"1843 Woodmancy Rd, Otisco, New York"
 Otisco Valley Rd,Otisco,11," Otisco Valley Rd, Otisco, New York"
83 Lake St,Skaneateles (village),3215000,"83 Lake St, Skaneateles (village), New York"
 Rainbow Shores Rd,Sandy Creek (town),71000," Rainbow Shores Rd, Sandy Creek (town), New York"
 Off Delano Ave,Canastota,2000," Off Delano Ave, Canastota, New York"
202 Woodland Ave,Syracuse,150000,"202 Woodland Ave, Syracuse, New York"
 New Meadows Dr,Hannibal (village),0," New Meadows Dr, Hannibal (village), New York"
61 Mill St,Hannibal (village),0,"61 Mill St, Hannibal (village), New York"
 Schilly Rd,Hastings,22500," Schilly Rd, Hastings, New York"
182 Norton Rd,Sandy Creek (town),80000,"182 Norton Rd, Sandy Creek (town), New York"
845 Poplar Ridge Rd,Ledyard,1,"845 Poplar Ridge Rd, Ledyard, New York"
5953 Sayles Corners Rd,Sempronius,1,"5953 Sayles Corners Rd, Sempronius, New York"
2131 Sine Rd,Throop,1,"2131 Sine Rd, Throop, New York"
2079 Sine Rd,Throop,1,"2079 Sine Rd, Throop, New York"
2057 Wickwire Rd,Hamilton (town),45000,"2057 Wickwire Rd, Hamilton (town), New York"
2790-2792 Otisco Valley Road,Marcellus (town),1,"2790-2792 Otisco Valley Road, Marcellus (town), New York"
10268 State Route 90,Genoa,1,"10268 State Route 90, Genoa, New York"
"41804184 Eatonbrook Rd,Davis Hill",Nelson,1,"41804184 Eatonbrook Rd,Davis Hill, Nelson, New York"
4782 Appaloosa Trl,Clay,1,"4782 Appaloosa Trl, Clay, New York"
130 Gettman Rd,Geddes,20000,"130 Gettman Rd, Geddes, New York"
1002 Oswego St,Liverpool,1,"1002 Oswego St, Liverpool, New York"
133 Giddings Trl,Lysander,479900,"133 Giddings Trl, Lysander, New York"
133 Giddings Trl,Lysander,54000,"133 Giddings Trl, Lysander, New York"
 Curtis Rd,Onondaga,10," Curtis Rd, Onondaga, New York"
 Gilbert Mills Rd,Volney,19008," Gilbert Mills Rd, Volney, New York"
203302 Harbour Tn & Hitchock Pt,Sullivan,0,"203302 Harbour Tn & Hitchock Pt, Sullivan, New York"
10 Crescent Av,Auburn,20000,"10 Crescent Av, Auburn, New York"
 Schilly Rd,Hastings,0," Schilly Rd, Hastings, New York"
3433-35 St Rt 69,Mexico (town),0,"3433-35 St Rt 69, Mexico (town), New York"
4365 State Route 31,Clay,75000,"4365 State Route 31, Clay, New York"
5597 Muscovy Lane,Manlius (town),150000,"5597 Muscovy Lane, Manlius (town), New York"
22 La Casse Rd,Mexico (town),15000,"22 La Casse Rd, Mexico (town), New York"
 Cayuga St,Fair Haven,28000," Cayuga St, Fair Haven, New York"
0 W. Main Street,Lebanon,1,"0 W. Main Street, Lebanon, New York"
424 Mcguire St,Oneida (city),1,"424 Mcguire St, Oneida (city), New York"
52 Elizabeth St,Baldwinsville,1,"52 Elizabeth St, Baldwinsville, New York"
8617 Weaver Rd,Cicero,1,"8617 Weaver Rd, Cicero, New York"
9665 Kenzie Grace Path,Clay,60201,"9665 Kenzie Grace Path, Clay, New York"
6103 Waitsfield Dr,DeWitt,1,"6103 Waitsfield Dr, DeWitt, New York"
3036 Chillingham Way,Lysander,0,"3036 Chillingham Way, Lysander, New York"
 Zahler Tract,Sandy Creek (town),8000," Zahler Tract, Sandy Creek (town), New York"
Lot #45 Irwin Rd,Sterling,14000,"Lot #45 Irwin Rd, Sterling, New York"
 Red Creek Rd,Victory,1," Red Creek Rd, Victory, New York"
Lot 8 Sunset Cove,De Ruyter0,120000,"Lot 8 Sunset Cove, De Ruyter0, New York"
 Sprng Hill Rd,Hamilton (town),53000," Sprng Hill Rd, Hamilton (town), New York"
 New Yorker Avenue,Lenox,7400," New Yorker Avenue, Lenox, New York"
 Ramsgate & Lonsdale Road,Sullivan,0," Ramsgate & Lonsdale Road, Sullivan, New York"
 Webb Rd,LaFayette,0," Webb Rd, LaFayette, New York"
2365 Patterson Rd,Otisco,425000,"2365 Patterson Rd, Otisco, New York"
14039 Wilde Rd,Sterling,25300,"14039 Wilde Rd, Sterling, New York"
12657 Ira Station Rd,Victory,58400,"12657 Ira Station Rd, Victory, New York"
1 Boathouse Lane,De Ruyter0,5000,"1 Boathouse Lane, De Ruyter0, New York"
 Calemad Dr,Sennett,70000," Calemad Dr, Sennett, New York"
 Route 13,Cazenovia (town),1," Route 13, Cazenovia (town), New York"
127 Giddings Trl,Lysander,54000,"127 Giddings Trl, Lysander, New York"
127 Giddings Trl,Lysander,50000,"127 Giddings Trl, Lysander, New York"
4354 November Ln,Onondaga,740000,"4354 November Ln, Onondaga, New York"
 Stevens Rd,Otisco,40000," Stevens Rd, Otisco, New York"
4425 Winding Creek Rd,Pompey,629900,"4425 Winding Creek Rd, Pompey, New York"
45055 34Th St,Constantia,33500,"45055 34Th St, Constantia, New York"
 Jordan Rd,Cato (town),1," Jordan Rd, Cato (town), New York"
10022 Jordan Rd,Cato (town),1,"10022 Jordan Rd, Cato (town), New York"
 Old Orchard Ave,Lenox,4000," Old Orchard Ave, Lenox, New York"
2646 Pine Ridge Rd,Sullivan,0,"2646 Pine Ridge Rd, Sullivan, New York"
 Lakeshore Rd,Cicero,202500," Lakeshore Rd, Cicero, New York"
9537 Clarecastle Path,Cicero,43500,"9537 Clarecastle Path, Cicero, New York"
306 Elliott St,Syracuse,87,"306 Elliott St, Syracuse, New York"
 Kibbie Lake Rd,Constantia,25000," Kibbie Lake Rd, Constantia, New York"
 Clark St Rd,Aurelius,1," Clark St Rd, Aurelius, New York"
6076 Lebanon Reservoir,Lebanon,30000,"6076 Lebanon Reservoir, Lebanon, New York"
227-29 Midland Ave & Taylor St W,Syracuse,7000,"227-29 Midland Ave & Taylor St W, Syracuse, New York"
 Lake St,Cayuga,1," Lake St, Cayuga, New York"
14563 Church St,Fair Haven,1,"14563 Church St, Fair Haven, New York"
 4Th St,Fair Haven,1," 4Th St, Fair Haven, New York"
 Wildwood Dr North,Fair Haven,1," Wildwood Dr North, Fair Haven, New York"
606 Camp Rd,Fair Haven,1,"606 Camp Rd, Fair Haven, New York"
66 Pine St,Port Byron,1,"66 Pine St, Port Byron, New York"
 County Line Rd,Sennett,1," County Line Rd, Sennett, New York"
 Aurelius Springport Townl,Springport,1," Aurelius Springport Townl, Springport, New York"
 West Lake Rd,Sterling,1," West Lake Rd, Sterling, New York"
14121 Short Cut Rd,Sterling,1,"14121 Short Cut Rd, Sterling, New York"
1438&1450 State Route 41A,Summerhill,1,"1438&1450 State Route 41A, Summerhill, New York"
5643 Circle Dr,Cicero,1,"5643 Circle Dr, Cicero, New York"
8218 Fenner Rd,Lysander,0,"8218 Fenner Rd, Lysander, New York"
111 East Lake Street/Road,Skaneateles (village),1700000,"111 East Lake Street/Road, Skaneateles (village), New York"
14872 Hadcock Dr,Fair Haven,290000,"14872 Hadcock Dr, Fair Haven, New York"
 Genesee St,Oneida (outside),300000," Genesee St, Oneida (outside), New York"
5561 Rolling Meadows Way,Camillus (town),443200,"5561 Rolling Meadows Way, Camillus (town), New York"
 Watervale Rd,Pompey,1," Watervale Rd, Pompey, New York"
217 Kellogg St,Syracuse,976,"217 Kellogg St, Syracuse, New York"
 Shanty Creek Rd,Hastings,0," Shanty Creek Rd, Hastings, New York"
100 Lansing St,Auburn,9900,"100 Lansing St, Auburn, New York"
397 Powers Rd,Genoa,120000,"397 Powers Rd, Genoa, New York"
1110 Middle Rd,Oneida (outside),94000,"1110 Middle Rd, Oneida (outside), New York"
104 Smokey Hollow Rd,Baldwinsville,150000,"104 Smokey Hollow Rd, Baldwinsville, New York"
 Terry Rd,Geddes,55000," Terry Rd, Geddes, New York"
 Cleveland Road,Onondaga,75000," Cleveland Road, Onondaga, New York"
135 Baker Ave,Syracuse,150000,"135 Baker Ave, Syracuse, New York"
 River Road,Aurelius,1," River Road, Aurelius, New York"
7109 Lakeshore Rd,Cicero,1,"7109 Lakeshore Rd, Cicero, New York"
7200 Hamilton Rd,Pompey,1,"7200 Hamilton Rd, Pompey, New York"
 See Attached,Tully (town),1," See Attached, Tully (town), New York"
13805 Martville Rd,Sterling,43000,"13805 Martville Rd, Sterling, New York"
7632 Hunt Ln,Manlius (town),257000,"7632 Hunt Ln, Manlius (town), New York"
 Depot Rd,Sennett,10000," Depot Rd, Sennett, New York"
 Route 92,Cazenovia (town),200000," Route 92, Cazenovia (town), New York"
422 Washington Ave,Oneida (city),157000,"422 Washington Ave, Oneida (city), New York"
4872 Route 20,Onondaga,1,"4872 Route 20, Onondaga, New York"
202 Shuart Ave,Syracuse,155000,"202 Shuart Ave, Syracuse, New York"
207 Coral Avenue,Syracuse,151,"207 Coral Avenue, Syracuse, New York"
8700 Dwyer Rd,Montezuma,1,"8700 Dwyer Rd, Montezuma, New York"
6090 Newport Rd,Camillus (town),30000,"6090 Newport Rd, Camillus (town), New York"
 Jewett Rd,Skaneateles (town),20000," Jewett Rd, Skaneateles (town), New York"
336 Bangall Rd,Parish (town),10000,"336 Bangall Rd, Parish (town), New York"
 E. Lake Road,Madison (town),0," E. Lake Road, Madison (town), New York"
799 Cowles Settlement Rd,Fabius (town),655000,"799 Cowles Settlement Rd, Fabius (town), New York"
 Duerr Rd (Rear),Salina,1," Duerr Rd (Rear), Salina, New York"
857-859 Crow Hill Rd,Skaneateles (town),715000,"857-859 Crow Hill Rd, Skaneateles (town), New York"
 Van Buren Rd,Van Buren,65000," Van Buren Rd, Van Buren, New York"
8661 Weedsport Sennett Rd,Brutus,1,"8661 Weedsport Sennett Rd, Brutus, New York"
3 Aurora St,Moravia (village),20000,"3 Aurora St, Moravia (village), New York"
 Cedar Swamp Road,Owasco,1," Cedar Swamp Road, Owasco, New York"
3230 Webb Road,LaFayette,48000,"3230 Webb Road, LaFayette, New York"
8206 Harkins Ct,Lysander,835000,"8206 Harkins Ct, Lysander, New York"
8052 Forest Ridge Lane,Lysander,441500,"8052 Forest Ridge Lane, Lysander, New York"
8052 Forest Ridge Lane,Lysander,62500,"8052 Forest Ridge Lane, Lysander, New York"
228 Campbell Rd,Salina,180000,"228 Campbell Rd, Salina, New York"
516 Rich St,Syracuse,5000,"516 Rich St, Syracuse, New York"
 Champlin Road,Summerhill,25880," Champlin Road, Summerhill, New York"
Off Punkin Hook Dr,Sandy Creek (town),89900,"Off Punkin Hook Dr, Sandy Creek (town), New York"
7768 Longbow Way,Lysander,130000,"7768 Longbow Way, Lysander, New York"
2935 Smith Rd,Marcellus (town),220000,"2935 Smith Rd, Marcellus (town), New York"
1165 Lemoyne Ave,Syracuse,1,"1165 Lemoyne Ave, Syracuse, New York"
371 River Rd,Oswego (city),700000,"371 River Rd, Oswego (city), New York"
6413 Finish Line Trl,Cicero,47000,"6413 Finish Line Trl, Cicero, New York"
2001-2005 Coon Hill Rd,Skaneateles (town),687500,"2001-2005 Coon Hill Rd, Skaneateles (town), New York"
131 Caroline Ave,Solvay,40000,"131 Caroline Ave, Solvay, New York"
 Birmingham Dr,Amboy,0," Birmingham Dr, Amboy, New York"
3016 Pinfeather Pl,Fleming,45000,"3016 Pinfeather Pl, Fleming, New York"
301 Willow St,Oneida (city),305000,"301 Willow St, Oneida (city), New York"
2601 Moonlight Cir,Camillus (town),438950,"2601 Moonlight Cir, Camillus (town), New York"
7109 Lakeshore Rd,Cicero,95000,"7109 Lakeshore Rd, Cicero, New York"
4539 Hollyshire Way,Clay,67500,"4539 Hollyshire Way, Clay, New York"
1438 Berwyn Rd,Fabius (town),13000,"1438 Berwyn Rd, Fabius (town), New York"
6941 River Rd,Van Buren,22000,"6941 River Rd, Van Buren, New York"
1496-1502 Co Rt 22,Albion,0,"1496-1502 Co Rt 22, Albion, New York"
 Old State Rd,Amboy,35000," Old State Rd, Amboy, New York"
14 Dylan Dr,Central Square,1,"14 Dylan Dr, Central Square, New York"
 Terry Rd,Geddes,50000," Terry Rd, Geddes, New York"
 Harvester Mill Rd,Redfield,0," Harvester Mill Rd, Redfield, New York"
 Carey Road,De Ruyter0,1," Carey Road, De Ruyter0, New York"
9505 Longford Path,Cicero,43000,"9505 Longford Path, Cicero, New York"
201 Seventh St,Liverpool,1,"201 Seventh St, Liverpool, New York"
3427 Tall Tree Lane,Lysander,490000,"3427 Tall Tree Lane, Lysander, New York"
3004 Verona Ct,Lysander,377900,"3004 Verona Ct, Lysander, New York"
3427 Tall Tree Lane,Lysander,80000,"3427 Tall Tree Lane, Lysander, New York"
 Paddy Lake Rd,Volney,45000," Paddy Lake Rd, Volney, New York"
 State Rt 38,Sterling,55000," State Rt 38, Sterling, New York"
5695 Ike Dixon Rd,Camillus (town),55000,"5695 Ike Dixon Rd, Camillus (town), New York"
 Lower Burma Rd,Spafford,85000," Lower Burma Rd, Spafford, New York"
 Barber Rd,Albion,0," Barber Rd, Albion, New York"
828 Rider St,Parish (village),12000,"828 Rider St, Parish (village), New York"
 O'Neil Rd,Sennett,499900," O'Neil Rd, Sennett, New York"
1344 Lick St,Summerhill,35000,"1344 Lick St, Summerhill, New York"
 Cleveland Road,Onondaga,75000," Cleveland Road, Onondaga, New York"
 Glencove Rd,Spafford,45000," Glencove Rd, Spafford, New York"
 Academy St,Mexico (village),25000," Academy St, Mexico (village), New York"
 Foxwood Ave,Volney,26000," Foxwood Ave, Volney, New York"
201 Harbour Town,Sullivan,105000,"201 Harbour Town, Sullivan, New York"
 Route 31,Sullivan,31000," Route 31, Sullivan, New York"
3779 Malibu Hills Drive,Camillus (town),65000,"3779 Malibu Hills Drive, Camillus (town), New York"
8056 Forest Ridge Lane,Lysander,75000,"8056 Forest Ridge Lane, Lysander, New York"
9129 Whistling Swan Ln,Manlius (town),60000,"9129 Whistling Swan Ln, Manlius (town), New York"
4345 Howlett Hill Rd,Onondaga,93600,"4345 Howlett Hill Rd, Onondaga, New York"
Off Jordan St,Skaneateles (village),0,"Off Jordan St, Skaneateles (village), New York"
22 E Catfish Dr,New Haven,6000,"22 E Catfish Dr, New Haven, New York"
25 Stone Ridge Dr,Scriba,33000,"25 Stone Ridge Dr, Scriba, New York"
 Hitchcock Point Rd,Sullivan,1," Hitchcock Point Rd, Sullivan, New York"
6118 Lakeshore Rd,Cicero,161586,"6118 Lakeshore Rd, Cicero, New York"
4180 Lafayette Rd,Onondaga,249000,"4180 Lafayette Rd, Onondaga, New York"
4153 Oran Gulf Rd,Pompey,70000,"4153 Oran Gulf Rd, Pompey, New York"
4421 Watervale Rd,Pompey,50000,"4421 Watervale Rd, Pompey, New York"
 Giles Rd,Skaneateles (town),250000," Giles Rd, Skaneateles (town), New York"
371 Fourth St,Fulton,120000,"371 Fourth St, Fulton, New York"
85 Co Rt 11,West Monroe,85000,"85 Co Rt 11, West Monroe, New York"
 Route 128B,Madison (town),120000," Route 128B, Madison (town), New York"
1224 Comstock Ave R 131 Xavier,Syracuse,563317,"1224 Comstock Ave R 131 Xavier, Syracuse, New York"
1224 Comstock Ave R 131 Xavier,Syracuse,65000,"1224 Comstock Ave R 131 Xavier, Syracuse, New York"
377 Blythe Rd,Hannibal (town),250000,"377 Blythe Rd, Hannibal (town), New York"
453 New Boston,Canastota,0,"453 New Boston, Canastota, New York"
 Flat Rock Rd,Camillus (town),20000," Flat Rock Rd, Camillus (town), New York"
 Boca Raton Way,Onondaga,118000," Boca Raton Way, Onondaga, New York"
5742 Bull Hill Rd,Onondaga,65000,"5742 Bull Hill Rd, Onondaga, New York"
 Hog Back Rd,Orwell,32500," Hog Back Rd, Orwell, New York"
373 New Scriba Dr,Orwell,15000,"373 New Scriba Dr, Orwell, New York"
Off Co Rt 38,Parish (town),18000,"Off Co Rt 38, Parish (town), New York"
 State Rt 104A,Sterling,32000," State Rt 104A, Sterling, New York"
1204 Hubbard Pl,Oneida (outside),210000,"1204 Hubbard Pl, Oneida (outside), New York"
 Creek Road,Sullivan,50000," Creek Road, Sullivan, New York"
 Hitchcock Point Road,Sullivan,0," Hitchcock Point Road, Sullivan, New York"
3920 Bonstead Rd,Clay,1,"3920 Bonstead Rd, Clay, New York"
3366 Longview Terrace,Lysander,80000,"3366 Longview Terrace, Lysander, New York"
2788-90 Co Rt 12,Hastings,85000,"2788-90 Co Rt 12, Hastings, New York"
420 Old State Rd,Redfield,0,"420 Old State Rd, Redfield, New York"
 Co Rt 46,Schroeppel,0," Co Rt 46, Schroeppel, New York"
239 Fravor Rd,Mexico (town),0,"239 Fravor Rd, Mexico (town), New York"
 Poverty Ln,Sempronius,13000," Poverty Ln, Sempronius, New York"
1479 Lamoy Road,Sullivan,25000,"1479 Lamoy Road, Sullivan, New York"
 Holiday Dr,Salina,1," Holiday Dr, Salina, New York"
 Granby Rd,Granby,0," Granby Rd, Granby, New York"
59 Brook Hollow Dr,Owasco,757050,"59 Brook Hollow Dr, Owasco, New York"
709 Peterboro St,Lenox,0,"709 Peterboro St, Lenox, New York"
4474 Weller Hall Place,Clay,58750,"4474 Weller Hall Place, Clay, New York"
7349 Buckley Rd,Clay,55000,"7349 Buckley Rd, Clay, New York"
413 Dewport Road,Van Buren,65000,"413 Dewport Road, Van Buren, New York"
 Carter Road,Madison (town),0," Carter Road, Madison (town), New York"
4310 Tiger Lily Path,Clay,78500,"4310 Tiger Lily Path, Clay, New York"
4305 Tiger Lily Path,Clay,73500,"4305 Tiger Lily Path, Clay, New York"
5857 Powder Horn Ln.,Onondaga,150000,"5857 Powder Horn Ln., Onondaga, New York"
 Strong Rd,Tully (town),25000," Strong Rd, Tully (town), New York"
4283 Doolittle Rd,Moravia (town),1,"4283 Doolittle Rd, Moravia (town), New York"
221 Adams Road,Sullivan,18000,"221 Adams Road, Sullivan, New York"
4737 Weller Hall Place,Clay,58750,"4737 Weller Hall Place, Clay, New York"
 Us Rt 11,Hastings,70000," Us Rt 11, Hastings, New York"
1081 Nottingham Rd,DeWitt,55000,"1081 Nottingham Rd, DeWitt, New York"
20 Sparks Dr,Orwell,0,"20 Sparks Dr, Orwell, New York"
344 St Rt 264,Schroeppel,100000,"344 St Rt 264, Schroeppel, New York"
 Mills Rd,Mentz,1," Mills Rd, Mentz, New York"
"3341 Cannon Crest Dr,Fenner Rd",Cazenovia (town),85000,"3341 Cannon Crest Dr,Fenner Rd, Cazenovia (town), New York"
3753 Malibu Hills Drive,Camillus (town),70000,"3753 Malibu Hills Drive, Camillus (town), New York"
142 Giddings Trail,Lysander,54000,"142 Giddings Trail, Lysander, New York"
142 Giddings Trail,Lysander,50000,"142 Giddings Trail, Lysander, New York"
4350 Outlook Dr,Onondaga,50000,"4350 Outlook Dr, Onondaga, New York"
5311 Terry Rd,Onondaga,1,"5311 Terry Rd, Onondaga, New York"
200 Shuart Ave & Pattison St,Syracuse,155000,"200 Shuart Ave & Pattison St, Syracuse, New York"
207 Coral Avenue,Syracuse,151,"207 Coral Avenue, Syracuse, New York"
845 Onondaga St,Syracuse,1,"845 Onondaga St, Syracuse, New York"
5695 Ike Dixon Rd,Camillus (town),50000,"5695 Ike Dixon Rd, Camillus (town), New York"
 Punkin Hook Dr,Sandy Creek (town),80000," Punkin Hook Dr, Sandy Creek (town), New York"
3364 Longview Ter,Lysander,515000,"3364 Longview Ter, Lysander, New York"
130 Woods Ave,Salina,1,"130 Woods Ave, Salina, New York"
 Dietrich Rd,Volney,11600," Dietrich Rd, Volney, New York"
 Dietrich Rd,Volney,8400," Dietrich Rd, Volney, New York"
4271 State Route 41A,Niles,1,"4271 State Route 41A, Niles, New York"
 Smith Rd,Cazenovia (town),1," Smith Rd, Cazenovia (town), New York"
201 Woodland Ave & Baker Ave,Syracuse,151,"201 Woodland Ave & Baker Ave, Syracuse, New York"
 Mc Alpine St,Salina,7200," Mc Alpine St, Salina, New York"
143 Baker Ave,Syracuse,150000,"143 Baker Ave, Syracuse, New York"
 Us Rt 11,Hastings,0," Us Rt 11, Hastings, New York"
14027 State Rt 38,Sterling,1,"14027 State Rt 38, Sterling, New York"
3014 Fairgrounds Rd,Brookfield,1,"3014 Fairgrounds Rd, Brookfield, New York"
 Page Rd,Oneida (outside),88110," Page Rd, Oneida (outside), New York"
 Dodge Rd,LaFayette,0," Dodge Rd, LaFayette, New York"
363 Hourglass Ln,Lysander,1,"363 Hourglass Ln, Lysander, New York"
3080 Co Rt 22,Orwell,429000,"3080 Co Rt 22, Orwell, New York"
2740 Sand Beach Rd,Fleming,27000,"2740 Sand Beach Rd, Fleming, New York"
Lot #19 Off Irwin Rd,Sterling,26000,"Lot #19 Off Irwin Rd, Sterling, New York"
 Off Turnpike Rd,Throop,1," Off Turnpike Rd, Throop, New York"
3330 Cannon Crest Dr,Cazenovia (town),48000,"3330 Cannon Crest Dr, Cazenovia (town), New York"
134 Giddings Trl,Lysander,54000,"134 Giddings Trl, Lysander, New York"
 Kirkville Rd,Manlius (town),23500," Kirkville Rd, Manlius (town), New York"
 N Main Street,Lenox,0," N Main Street, Lenox, New York"
2246 Gidran Drive,Sullivan,0,"2246 Gidran Drive, Sullivan, New York"
6002 Sewickley Dr,DeWitt,1,"6002 Sewickley Dr, DeWitt, New York"
 Washington Blvd,Manlius (town),1," Washington Blvd, Manlius (town), New York"
5315 Salina St S Rear,Syracuse,151,"5315 Salina St S Rear, Syracuse, New York"
1542-44 State St S,Syracuse,87,"1542-44 State St S, Syracuse, New York"
553 Oakwood Ave,Syracuse,86,"553 Oakwood Ave, Syracuse, New York"
1548 State St S,Syracuse,82,"1548 State St S, Syracuse, New York"
408 Martin Luthr King E,Syracuse,60,"408 Martin Luthr King E, Syracuse, New York"
156 Albany St,Oswego (city),3000,"156 Albany St, Oswego (city), New York"
1404 Co Rt 48,Richland,235000,"1404 Co Rt 48, Richland, New York"
 Zahler Tract,Sandy Creek (town),0," Zahler Tract, Sandy Creek (town), New York"
Off Shady Elm Dr,Schroeppel,1,"Off Shady Elm Dr, Schroeppel, New York"
3340 Cannon Crest Dr,Cazenovia (town),50000,"3340 Cannon Crest Dr, Cazenovia (town), New York"
 Roberts St,Lenox,40000," Roberts St, Lenox, New York"
6680-6686 Loucks Road,DeWitt,20000,"6680-6686 Loucks Road, DeWitt, New York"
 State Fair Blvd,Geddes,1," State Fair Blvd, Geddes, New York"
 Watervale Rd,Pompey,62500," Watervale Rd, Pompey, New York"
15.5 Ninth St,Oswego (city),1,"15.5 Ninth St, Oswego (city), New York"
 Slosson Rd,West Monroe,25000," Slosson Rd, West Monroe, New York"
 State Route 90,Ledyard,710000," State Route 90, Ledyard, New York"
1354 Kings Corners Rd,Ledyard,1,"1354 Kings Corners Rd, Ledyard, New York"
5252 Bennetts Corners Rd,Camillus (town),57000,"5252 Bennetts Corners Rd, Camillus (town), New York"
105 Drexler Ave,Salina,235000,"105 Drexler Ave, Salina, New York"
 Olde Maple Ave,Volney,26150," Olde Maple Ave, Volney, New York"
 Earlville Rd,Hamilton (town),155000," Earlville Rd, Hamilton (town), New York"
4664 Wetzel Rd,Clay,65000,"4664 Wetzel Rd, Clay, New York"
203 Albright Rd,New Haven,0,"203 Albright Rd, New Haven, New York"
12622 Ira Station Rd,Victory,1,"12622 Ira Station Rd, Victory, New York"
2785 Smith Rd,Eaton,1,"2785 Smith Rd, Eaton, New York"
 Smith Rd,Eaton,1," Smith Rd, Eaton, New York"
 Eleventh St,Fulton,45000," Eleventh St, Fulton, New York"
76 Third Ave,Oswego (city),24000,"76 Third Ave, Oswego (city), New York"
 Co Rt 12,Schroeppel,0," Co Rt 12, Schroeppel, New York"
3331 Cannon Crest Dr,Cazenovia (town),48000,"3331 Cannon Crest Dr, Cazenovia (town), New York"
 Earville Rd,Hamilton (town),175000," Earville Rd, Hamilton (town), New York"
 Jordan Rd,Elbridge (town),140000," Jordan Rd, Elbridge (town), New York"
2234 Gidran Dr,Sullivan,35000,"2234 Gidran Dr, Sullivan, New York"
 Mackay Ave,Camillus (town),1," Mackay Ave, Camillus (town), New York"
 River Rd,Elbridge (town),1," River Rd, Elbridge (town), New York"
122 Memphis St,Salina,38000,"122 Memphis St, Salina, New York"
214 Woodland Ave,Syracuse,150000,"214 Woodland Ave, Syracuse, New York"
3350 Cannon Crest Dr,Cazenovia (town),70000,"3350 Cannon Crest Dr, Cazenovia (town), New York"
5707-5713 Ike Dixonroad,Camillus (town),125000,"5707-5713 Ike Dixonroad, Camillus (town), New York"
105 Lake Forest Dr,Minoa,45000,"105 Lake Forest Dr, Minoa, New York"
410 Kenwick Dr,Salina,118874,"410 Kenwick Dr, Salina, New York"
1170 Hard Point Rd,Conquest,5000,"1170 Hard Point Rd, Conquest, New York"
2607 Moonlight Cir,Camillus (town),51900,"2607 Moonlight Cir, Camillus (town), New York"
8881 Salvatore Ave,Lysander,564482,"8881 Salvatore Ave, Lysander, New York"
8789 Dinglehole Rd,Lysander,375000,"8789 Dinglehole Rd, Lysander, New York"
 Reed Parkway Ext,Marcellus (village),38000," Reed Parkway Ext, Marcellus (village), New York"
 Tannery Ln,Fulton,0," Tannery Ln, Fulton, New York"
 Harbor Brook Dr,Scriba,129900," Harbor Brook Dr, Scriba, New York"
1441 St Rt 13,Williamstown,77000,"1441 St Rt 13, Williamstown, New York"
2005 Rubicon Rd,Lysander,85000,"2005 Rubicon Rd, Lysander, New York"
 Eagle Village Rd,Manlius (town),130000," Eagle Village Rd, Manlius (town), New York"
422 Dewport Road,Van Buren,125000,"422 Dewport Road, Van Buren, New York"
Off Nine Mile Point Rd,New Haven,0,"Off Nine Mile Point Rd, New Haven, New York"
 Route 46,Munnsville,20000," Route 46, Munnsville, New York"
 Co Rt 40,Mexico (town),27000," Co Rt 40, Mexico (town), New York"
437 Fox Rd,Redfield,115000,"437 Fox Rd, Redfield, New York"
 North Main St,Moravia (village),1," North Main St, Moravia (village), New York"
4538 Hollyshire Way,Clay,78500,"4538 Hollyshire Way, Clay, New York"
3036 Chillingham Way,Lysander,86000,"3036 Chillingham Way, Lysander, New York"
3118 Cold Springs Rd,Lysander,85000,"3118 Cold Springs Rd, Lysander, New York"
8004 St Rt 104,Oswego (town),165000,"8004 St Rt 104, Oswego (town), New York"
620 St Rt 49,Constantia,0,"620 St Rt 49, Constantia, New York"
10233 Spook Woods Rd,Conquest,1,"10233 Spook Woods Rd, Conquest, New York"
105103 Emick Ln,Cazenovia (village),105000,"105103 Emick Ln, Cazenovia (village), New York"
8861 Shellman Dr,Cicero,1150000,"8861 Shellman Dr, Cicero, New York"
9112 Whistling Swan Ln,Manlius (town),90000,"9112 Whistling Swan Ln, Manlius (town), New York"
1860 Lake Rd,Skaneateles (town),1800000,"1860 Lake Rd, Skaneateles (town), New York"
216 Bloomfield St,Van Buren,452500,"216 Bloomfield St, Van Buren, New York"
1972-76 St Rt 13,Albion,107000,"1972-76 St Rt 13, Albion, New York"
 St Rt 104,Parish (town),72500," St Rt 104, Parish (town), New York"
48 Wigwam Dr,Sandy Creek (town),0,"48 Wigwam Dr, Sandy Creek (town), New York"
45118 Havens Av,Auburn,159900,"45118 Havens Av, Auburn, New York"
317 Tuttle Ave,Canastota,0,"317 Tuttle Ave, Canastota, New York"
1900 Patterson Rd,Otisco,304900,"1900 Patterson Rd, Otisco, New York"
220 Pharis St,Syracuse,1,"220 Pharis St, Syracuse, New York"
 Meridan Ave,Minetto,10000," Meridan Ave, Minetto, New York"
104 Graves St,Syracuse,151,"104 Graves St, Syracuse, New York"
526-28 Richmond Ave,Syracuse,151,"526-28 Richmond Ave, Syracuse, New York"
220-22 Burt St,Syracuse,60,"220-22 Burt St, Syracuse, New York"
907 Townsend St N,Syracuse,0,"907 Townsend St N, Syracuse, New York"
Off Sterling Station Rd,Sterling,1,"Off Sterling Station Rd, Sterling, New York"
 Brandt Rd,Victory,45000," Brandt Rd, Victory, New York"
8824 Brewerton Rd,Cicero,73000,"8824 Brewerton Rd, Cicero, New York"
 Route 20 West,LaFayette,0," Route 20 West, LaFayette, New York"
 Co Rt 40,Mexico (town),11000," Co Rt 40, Mexico (town), New York"
 Co Rt 26,Parish (town),1," Co Rt 26, Parish (town), New York"
29-31 Walnut St,Auburn,1,"29-31 Walnut St, Auburn, New York"
29-31 Walnut St,Auburn,1,"29-31 Walnut St, Auburn, New York"
 Genesee  St,Chittenango,40000," Genesee  St, Chittenango, New York"
 Wings Way,Hamilton (town),1," Wings Way, Hamilton (town), New York"
3950 Hill Rd,Georgetown,1,"3950 Hill Rd, Georgetown, New York"
7623 River Rd,Lysander,30000,"7623 River Rd, Lysander, New York"
246 Paradise Rd,Palermo,75000,"246 Paradise Rd, Palermo, New York"
2307-2309 Route 5,Sullivan,0,"2307-2309 Route 5, Sullivan, New York"
223 Gillespie Ave,Camillus (town),1,"223 Gillespie Ave, Camillus (town), New York"
1731 St Rt 49,Constantia,10000,"1731 St Rt 49, Constantia, New York"
 Paradise Rd,Palermo,22500," Paradise Rd, Palermo, New York"
 Carl Is & Water,Sandy Creek (town),7500," Carl Is & Water, Sandy Creek (town), New York"
4882 Silver Street Rd,Fleming,325000,"4882 Silver Street Rd, Fleming, New York"
8287 Brewerton Rd,Cicero,1,"8287 Brewerton Rd, Cicero, New York"
2114 Harkins Lane,Lysander,85000,"2114 Harkins Lane, Lysander, New York"
 Kirkville Rd,Manlius (town),375000," Kirkville Rd, Manlius (town), New York"
 Maiden Ln,Montezuma,1," Maiden Ln, Montezuma, New York"
4341 State Route 34,Scipio,1,"4341 State Route 34, Scipio, New York"
 Poverty Ln,Sempronius,116136," Poverty Ln, Sempronius, New York"
3372 Longview Terrace,Lysander,80000,"3372 Longview Terrace, Lysander, New York"
3352 Hickory Knoll Ln,Lysander,40000,"3352 Hickory Knoll Ln, Lysander, New York"
 Lower Rd,Constantia,0," Lower Rd, Constantia, New York"
 Cannon Crest Dr,Cazenovia (town),1," Cannon Crest Dr, Cazenovia (town), New York"
7422 Palmcrest Rd,Cicero,1,"7422 Palmcrest Rd, Cicero, New York"
210 Wall St,Syracuse,94375,"210 Wall St, Syracuse, New York"
226 Hubbell Ave Rear,Syracuse,1,"226 Hubbell Ave Rear, Syracuse, New York"
 Royalty Ln,Granby,35000," Royalty Ln, Granby, New York"
8163 Barnes Rd,Mentz,1,"8163 Barnes Rd, Mentz, New York"
 Creek Rd,Sterling,8000," Creek Rd, Sterling, New York"
452 Canal St,Canastota,12500,"452 Canal St, Canastota, New York"
 Lebanon Rd,Lebanon,1," Lebanon Rd, Lebanon, New York"
 Gulf Rd,Pompey,36800," Gulf Rd, Pompey, New York"
Vac Rosewood Cir,Weedsport,50000,"Vac Rosewood Cir, Weedsport, New York"
1907 Hibbard Rd,Brookfield,1,"1907 Hibbard Rd, Brookfield, New York"
 Lebanon Center Rd,Lebanon,169000," Lebanon Center Rd, Lebanon, New York"
4074 Mercun Dr,Onondaga,18000,"4074 Mercun Dr, Onondaga, New York"
 Otisco Vly Rd,Marcellus (town),1," Otisco Vly Rd, Marcellus (town), New York"
8681 Weaver Rd,Cicero,1,"8681 Weaver Rd, Cicero, New York"
 Weaver Rd,Cicero,1," Weaver Rd, Cicero, New York"
3476 Long Shadow Dr,Lysander,607850,"3476 Long Shadow Dr, Lysander, New York"
 Velasko Rd,Onondaga,48000," Velasko Rd, Onondaga, New York"
4006 Oran Gulf Rd,Pompey,205000,"4006 Oran Gulf Rd, Pompey, New York"
149 Bridge St,Oswego (city),8000,"149 Bridge St, Oswego (city), New York"
 Kermit Ln,DeWitt,30000," Kermit Ln, DeWitt, New York"
"3213 Carmellas Circle, Lot 6",Lysander,71000,"3213 Carmellas Circle, Lot 6, Lysander, New York"
240 Otto St,Syracuse,1,"240 Otto St, Syracuse, New York"
 Stone Hill Rd,Amboy,0," Stone Hill Rd, Amboy, New York"
766 Howell Rd,Conquest,50000,"766 Howell Rd, Conquest, New York"
1601 Grassy Lane Road,Cazenovia (town),130000,"1601 Grassy Lane Road, Cazenovia (town), New York"
90 County Line Rd,Granby,0,"90 County Line Rd, Granby, New York"
5570 Rolling Meadows Way,Camillus (town),399450,"5570 Rolling Meadows Way, Camillus (town), New York"
 Thompson Rd,Cicero,1," Thompson Rd, Cicero, New York"
111 East Ave,East Syracuse,150000,"111 East Ave, East Syracuse, New York"
 Dublin Rd,Marcellus (town),2000," Dublin Rd, Marcellus (town), New York"
 Erron Hill Rd,Locke,1," Erron Hill Rd, Locke, New York"
3213 Carmellas Cir,Lysander,71000,"3213 Carmellas Cir, Lysander, New York"
412 Oswego St,Syracuse,1200,"412 Oswego St, Syracuse, New York"
317 Tuttle Ave,Canastota,25000,"317 Tuttle Ave, Canastota, New York"
48 Belmont Av,Auburn,1,"48 Belmont Av, Auburn, New York"
 Coulter Cove Rd,Sullivan,148500," Coulter Cove Rd, Sullivan, New York"
8186 Rachel Ct,Clay,1,"8186 Rachel Ct, Clay, New York"
 Oran Delphi Rd,Pompey,28150," Oran Delphi Rd, Pompey, New York"
 Michael Ave,Pompey,1738," Michael Ave, Pompey, New York"
 Off Michael Ave,Pompey,1534," Off Michael Ave, Pompey, New York"
1282 Comstock Ave R 105 Xavier,Syracuse,424000,"1282 Comstock Ave R 105 Xavier, Syracuse, New York"
433 Gaylord Ln,Tully (town),165000,"433 Gaylord Ln, Tully (town), New York"
 Towsley Rd,Albion,27000," Towsley Rd, Albion, New York"
10 Academy St,Mexico (village),30000,"10 Academy St, Mexico (village), New York"
 Camp Rd,Schroeppel,0," Camp Rd, Schroeppel, New York"
1633 Grassy Lane Rd,Cazenovia (town),30000,"1633 Grassy Lane Rd, Cazenovia (town), New York"
 Tuscarora Rd,Chittenango,35000," Tuscarora Rd, Chittenango, New York"
9665 Kenzie Grace Path,Clay,60000,"9665 Kenzie Grace Path, Clay, New York"
4734 Weller Hall Place,Clay,58750,"4734 Weller Hall Place, Clay, New York"
104 & 106 Minoa Lakes Drive,Minoa,120000,"104 & 106 Minoa Lakes Drive, Minoa, New York"
104 & 106 Minoa Lakes Drive,Minoa,48000,"104 & 106 Minoa Lakes Drive, Minoa, New York"
 Pompey Hollow Rd,Pompey,1," Pompey Hollow Rd, Pompey, New York"
1220 Comstock Ave R 139 Xavier,Syracuse,522000,"1220 Comstock Ave R 139 Xavier, Syracuse, New York"
1441 St Rt 13,Williamstown,59900,"1441 St Rt 13, Williamstown, New York"
 Co Rt 17,Williamstown,0," Co Rt 17, Williamstown, New York"
 Snell Rd,Lenox,44666," Snell Rd, Lenox, New York"
 Snell Rd,Lenox,22333," Snell Rd, Lenox, New York"
2330 W Genesee Rd,Lysander,75000,"2330 W Genesee Rd, Lysander, New York"
2338 W Genesee Rd,Lysander,50000,"2338 W Genesee Rd, Lysander, New York"
133 Riverside Pointe Dr,Albion,22000,"133 Riverside Pointe Dr, Albion, New York"
 Muskrat Bay Rd S Side,Cicero,4500," Muskrat Bay Rd S Side, Cicero, New York"
1108 Morgan Rd,Lysander,85500,"1108 Morgan Rd, Lysander, New York"
114 Beley Ave,Salina,175000,"114 Beley Ave, Salina, New York"
 St Rt 13,Albion,35000," St Rt 13, Albion, New York"
146 Russell Rd,Granby,40000,"146 Russell Rd, Granby, New York"
28 O'Hara Rd,Redfield,0,"28 O'Hara Rd, Redfield, New York"
120 Snell Terr,Syracuse,6500,"120 Snell Terr, Syracuse, New York"
 St Rt 48,Minetto,1," St Rt 48, Minetto, New York"
4057 Co Rt 22,Sandy Creek (town),110000,"4057 Co Rt 22, Sandy Creek (town), New York"
3662 St Rt 69,Mexico (town),25000,"3662 St Rt 69, Mexico (town), New York"
 Pauline Dr,Chittenango,60000," Pauline Dr, Chittenango, New York"
7776 Longbow Way,Lysander,130000,"7776 Longbow Way, Lysander, New York"
2507 Co Rt 12,Hastings,66000,"2507 Co Rt 12, Hastings, New York"
3247 Route 26,Eaton,6000,"3247 Route 26, Eaton, New York"
5542 Rolling Meadows Way,Camillus (town),400000,"5542 Rolling Meadows Way, Camillus (town), New York"
5542 Rolling Meadows Way,Camillus (town),400000,"5542 Rolling Meadows Way, Camillus (town), New York"
1491 Genesee St,Skaneateles (town),665000,"1491 Genesee St, Skaneateles (town), New York"
 Willowdale Rd,Spafford,55000," Willowdale Rd, Spafford, New York"
2773 Hardscrabble Pt,Spafford,1,"2773 Hardscrabble Pt, Spafford, New York"
 Stevens Rd,Elbridge (town),10000," Stevens Rd, Elbridge (town), New York"
1282 Comstock Ave R 105 Xavier,Syracuse,65000,"1282 Comstock Ave R 105 Xavier, Syracuse, New York"
1220 Comstock Ave R 139 Xavier,Syracuse,65000,"1220 Comstock Ave R 139 Xavier, Syracuse, New York"
 Terry Rd,Geddes,45000," Terry Rd, Geddes, New York"
7732 Seneca Beach Dr,Van Buren,27000,"7732 Seneca Beach Dr, Van Buren, New York"
8054 Forest Ridge Lane,Lysander,456000,"8054 Forest Ridge Lane, Lysander, New York"
 Tall Tree Ln,Lysander,65000," Tall Tree Ln, Lysander, New York"
2130 South Ave & Hutchinson Av,Syracuse,103,"2130 South Ave & Hutchinson Av, Syracuse, New York"
546-48 Oakwood Ave,Syracuse,86,"546-48 Oakwood Ave, Syracuse, New York"
92 Phillips Rd,Granby,35000,"92 Phillips Rd, Granby, New York"
 Co Rt 22,Orwell,135000," Co Rt 22, Orwell, New York"
85 Riverside Pointe Dr,Albion,0,"85 Riverside Pointe Dr, Albion, New York"
 Center Street Rd,Sennett,28000," Center Street Rd, Sennett, New York"
 Snell Rd,Lenox,15000," Snell Rd, Lenox, New York"
8434 Oswego Road,Baldwinsville,0,"8434 Oswego Road, Baldwinsville, New York"
3044 Chillingham Way,Lysander,403765,"3044 Chillingham Way, Lysander, New York"
9523 Brewerton Rd,Cicero,235000,"9523 Brewerton Rd, Cicero, New York"
9613 Kenzie Grace Path,Clay,73500,"9613 Kenzie Grace Path, Clay, New York"
3845 Hallston Dr,Clay,45000,"3845 Hallston Dr, Clay, New York"
212 Bloomfield St,Van Buren,355000,"212 Bloomfield St, Van Buren, New York"
 Pratt Dr,Granby,17000," Pratt Dr, Granby, New York"
 St Rt 69,Mexico (town),38000," St Rt 69, Mexico (town), New York"
435 Boscobel Ln,Niles,15000,"435 Boscobel Ln, Niles, New York"
4663 Wetzel Rd,Clay,140000,"4663 Wetzel Rd, Clay, New York"
 Case Hill Rd,Otisco,35000," Case Hill Rd, Otisco, New York"
 Hidden Falls Rd,Tully (town),17500," Hidden Falls Rd, Tully (town), New York"
5569 Rolling Meadows Way,Camillus (town),51900,"5569 Rolling Meadows Way, Camillus (town), New York"
5567 Rolling Meadows Way,Camillus (town),51900,"5567 Rolling Meadows Way, Camillus (town), New York"
3200 Bellevue Ave,Onondaga,120000,"3200 Bellevue Ave, Onondaga, New York"
2363 Warners Rd,Van Buren,200000,"2363 Warners Rd, Van Buren, New York"
5766 Route 31,Cicero,1,"5766 Route 31, Cicero, New York"
302 Kimry Moor,Manlius (town),1,"302 Kimry Moor, Manlius (town), New York"
3149 Brewer Rd,Marcellus (town),1,"3149 Brewer Rd, Marcellus (town), New York"
4341 November Ln,Onondaga,128600,"4341 November Ln, Onondaga, New York"
5019 Kasson Rd,Onondaga,4000,"5019 Kasson Rd, Onondaga, New York"
127 Gale Rd,Cleveland,1,"127 Gale Rd, Cleveland, New York"
14977 Hickory Grove Dr,New Haven,105000,"14977 Hickory Grove Dr, New Haven, New York"
 Beecherville Rd,Orwell,0," Beecherville Rd, Orwell, New York"
 Co Rt 20,Oswego (town),0," Co Rt 20, Oswego (town), New York"
 Co Rt 20,Oswego (town),0," Co Rt 20, Oswego (town), New York"
6201 Poolsbrook Rd,Manlius (town),22500,"6201 Poolsbrook Rd, Manlius (town), New York"
4309 Tiger Lily Path,Clay,76500,"4309 Tiger Lily Path, Clay, New York"
2055 St Rt 48,Granby,0,"2055 St Rt 48, Granby, New York"
5880 Brooklyn St,Eaton,3000,"5880 Brooklyn St, Eaton, New York"
 Terry Rd,Geddes,25000," Terry Rd, Geddes, New York"
1843 Woodmancy Rd,Otisco,1,"1843 Woodmancy Rd, Otisco, New York"
139 & 140 412 & 416 Dewport Road,Van Buren,135000,"139 & 140 412 & 416 Dewport Road, Van Buren, New York"
 St Rt 49,Constantia,43970," St Rt 49, Constantia, New York"
3072 Co Rt 2,Richland,40000,"3072 Co Rt 2, Richland, New York"
 Meirs Rd,Williamstown,60000," Meirs Rd, Williamstown, New York"
614 Vine St,Syracuse,1000,"614 Vine St, Syracuse, New York"
90-92 Leavitt Rd,New Haven,1,"90-92 Leavitt Rd, New Haven, New York"
 Bear Swamp Rd,Fenner,70000," Bear Swamp Rd, Fenner, New York"
 Patterson Rd,Otisco,1," Patterson Rd, Otisco, New York"
Off Scharoun Dr,Richland,26027,"Off Scharoun Dr, Richland, New York"
2827 Route 20,Nelson,1,"2827 Route 20, Nelson, New York"
4543 Hollyshire Way,Clay,250000,"4543 Hollyshire Way, Clay, New York"
31 Artillery Ln,Baldwinsville,209500,"31 Artillery Ln, Baldwinsville, New York"
 Mcdonald Rd,Elbridge (town),25000," Mcdonald Rd, Elbridge (town), New York"
2915 Gulf Rd,Pompey,1,"2915 Gulf Rd, Pompey, New York"
 Stump Rd,Skaneateles (town),475000," Stump Rd, Skaneateles (town), New York"
201 Sabine St & Massena St,Syracuse,78,"201 Sabine St & Massena St, Syracuse, New York"
206 Grace St,Syracuse,78,"206 Grace St, Syracuse, New York"
7190 Van Buren Rd,Van Buren,10000,"7190 Van Buren Rd, Van Buren, New York"
3236 Us Rt 11,Mexico (town),23500,"3236 Us Rt 11, Mexico (town), New York"
44961 Ryans Way,Oswego (city),30000,"44961 Ryans Way, Oswego (city), New York"
88 Godfrey Rd,Schroeppel,17981,"88 Godfrey Rd, Schroeppel, New York"
 Bolivar Road,Sullivan,0," Bolivar Road, Sullivan, New York"
3422 Tall Tree Lane,Lysander,497700,"3422 Tall Tree Lane, Lysander, New York"
3437 Tall Tree Lane,Lysander,80000,"3437 Tall Tree Lane, Lysander, New York"
9001 Kennedy Ln,Sullivan,28000,"9001 Kennedy Ln, Sullivan, New York"
136 Washington Ave,Sullivan,19900,"136 Washington Ave, Sullivan, New York"
9 Deerfield Rd.,Sullivan,18900,"9 Deerfield Rd., Sullivan, New York"
2024 Teall Ave,Salina,135000,"2024 Teall Ave, Salina, New York"
1041 Co Rt 26,Amboy,0,"1041 Co Rt 26, Amboy, New York"
3291 Milton Ave,Camillus (town),14000,"3291 Milton Ave, Camillus (town), New York"
 Horan Rd,Camillus (town),0," Horan Rd, Camillus (town), New York"
 Towpath W,Elbridge (town),4127," Towpath W, Elbridge (town), New York"
 Towpath W,Elbridge (town),3300," Towpath W, Elbridge (town), New York"
 State Route 31 Rr,Elbridge (town),2847," State Route 31 Rr, Elbridge (town), New York"
 Toggenburg Rd,Fabius (town),1779," Toggenburg Rd, Fabius (town), New York"
805 Third St,Solvay,1,"805 Third St, Solvay, New York"
193 Co Rt 89,Oswego (town),528000,"193 Co Rt 89, Oswego (town), New York"
5585 Sayles Corners Rd,Moravia (town),30000,"5585 Sayles Corners Rd, Moravia (town), New York"
15933 Irwin Rd,Sterling,47000,"15933 Irwin Rd, Sterling, New York"
2602 Mckinley Street,Cazenovia (town),1800,"2602 Mckinley Street, Cazenovia (town), New York"
164 Shaker Heights,Camillus (town),54900,"164 Shaker Heights, Camillus (town), New York"
3125 Cold Springs Rd,Lysander,169900,"3125 Cold Springs Rd, Lysander, New York"
120 Strong Ave,Syracuse,1,"120 Strong Ave, Syracuse, New York"
89 Parsons Rd,Hannibal (town),1,"89 Parsons Rd, Hannibal (town), New York"
60 Parsons Rd,Hannibal (town),1,"60 Parsons Rd, Hannibal (town), New York"
 Perry Hill Rd,Oswego (town),50000," Perry Hill Rd, Oswego (town), New York"
 Kipp Rd,Parish (town),0," Kipp Rd, Parish (town), New York"
12562 State Route 90,Locke,605000,"12562 State Route 90, Locke, New York"
6719 Route 31,Cicero,200000,"6719 Route 31, Cicero, New York"
10185 Jordan Rd,Cato (town),10,"10185 Jordan Rd, Cato (town), New York"
 Ladue Rd,Sterling,20000," Ladue Rd, Sterling, New York"
" Cody Rd,South Rd.",Fenner,1," Cody Rd,South Rd., Fenner, New York"
4161 &4163 Palmer Rd,Pompey,320000,"4161 &4163 Palmer Rd, Pompey, New York"
216 Butterfly Shrs,New Haven,74000,"216 Butterfly Shrs, New Haven, New York"
Lot 3 Beecherville Rd,Orwell,19500,"Lot 3 Beecherville Rd, Orwell, New York"
 Salt Rd,Summerhill,4000," Salt Rd, Summerhill, New York"
 Anthony Rd,Clay,8500," Anthony Rd, Clay, New York"
 Somes Path,Elbridge (town),1," Somes Path, Elbridge (town), New York"
4623/4636 Kingsford Ter/Cornish Hgh,Onondaga,1,"4623/4636 Kingsford Ter/Cornish Hgh, Onondaga, New York"
4013 Gates Rd,Pompey,350000,"4013 Gates Rd, Pompey, New York"
8931 Delphi Falls Rd,Pompey,6500,"8931 Delphi Falls Rd, Pompey, New York"
 Us Rt 11,Hastings,3993," Us Rt 11, Hastings, New York"
Off Co Rt 20,Oswego (town),0,"Off Co Rt 20, Oswego (town), New York"
 Oneida River Rd,Schroeppel,7500," Oneida River Rd, Schroeppel, New York"
127 Genesee St,Wampsville,64000,"127 Genesee St, Wampsville, New York"
 Co Rt 18,Palermo,1," Co Rt 18, Palermo, New York"
